use websales
go

create table Categories
(
    Id     int identity
        constraint PK_Categories
        primary key,
    Name   nvarchar(50) not null,
    NameVN nvarchar(50) not null
)
    go
INSERT INTO websales.dbo.Categories (Id, Name, NameVN) VALUES (1000, N'Watches', N'Đồng hồ đeo tay');
INSERT INTO websales.dbo.Categories (Id, Name, NameVN) VALUES (1001, N'Laptops', N'Máy tính xách tay');
INSERT INTO websales.dbo.Categories (Id, Name, NameVN) VALUES (1002, N'Cameras', N'Máy ảnh');
INSERT INTO websales.dbo.Categories (Id, Name, NameVN) VALUES (1003, N'accessory', N'Phụ kiện');
INSERT INTO websales.dbo.Categories (Id, Name, NameVN) VALUES (1004, N'test', N'test VN');


use websales
go

create table Products
(
    Id          int identity
        constraint PK_Products
        primary key,
    Name        nvarchar(60) not null,
    Image       nvarchar(50) not null,
    UnitPrice   float        not null,
    Discount    float        not null,
    Quantity    int          not null,
    ProductDate date         not null,
    Available   bit          not null,
    CategoryId  int          not null,
    Description nvarchar(max),
    ViewCount   int
)
    go


INSERT INTO websales.dbo.Products (Id, Name, Image, UnitPrice, Discount, Quantity, ProductDate, Available, CategoryId, Description, ViewCount) VALUES (1001, N'Aniseed Syrup', N'1001.jpg', 2300000, 0, 190, N'1980-03-29', 1, 1000, N'<b><i><font color="#ff0000">EmEditor </font></i>uses JavaScript or VBScript for its macro language, so those who are familiar with HTML or Windows scripting will be able to write macros with little difficulty. For those unfamiliar with scripting languages, EmEditor can record keystrokes, which can then be saved in a macro file that can easily be loaded in different situations. With the use of JavaScript or VBScript, <font color="#999900">you can also troubleshoot your code easily</font>.</b><img src="/eStore040413/nicImages/anifire.gif">', 0);
INSERT INTO websales.dbo.Products (Id, Name, Image, UnitPrice, Discount, Quantity, ProductDate, Available, CategoryId, Description, ViewCount) VALUES (1002, N'Change', N'1002.jpg', 2100000, 0, 19, N'1982-12-18', 1, 1000, N'EmEditor uses JavaScript or VBScript for its macro language, so those who are familiar with HTML or Windows scripting will be able to write macros with little difficulty. For those unfamiliar with scripting languages, EmEditor can record keystrokes, which can then be saved in a macro file that can easily be loaded in different situations. With the use of JavaScript or VBScript, you can also troubleshoot your code easily.<b> <font color="#cc3399">For example</font></b>,<i> in JavaS</i><i>cript, you can use the following statement to troubleshoot errors&nbsp;&nbsp;</i><img src="https://i.imgur.com/9zayofL.gif" width="128">', 0);
INSERT INTO websales.dbo.Products (Id, Name, Image, UnitPrice, Discount, Quantity, ProductDate, Available, CategoryId, Description, ViewCount) VALUES (1003, N'Aniseed Syrup', N'1003.jpg', 15000000, 0, 10, N'1973-06-14', 1, 1001, N'EmEditor uses JavaScript or VBScript for its macro language, so those who are familiar with HTML or Windows scripting will be able to write macros with little difficulty. For those unfamiliar with scripting languages, EmEditor can record keystrokes, which can then be saved in a macro file that can easily be loaded in different situations. With the use of JavaScript or VBScript, you can also troubleshoot your code easily. For example, in JavaScript, you can use the following statement to troubleshoot errors', 1);
INSERT INTO websales.dbo.Products (Id, Name, Image, UnitPrice, Discount, Quantity, ProductDate, Available, CategoryId, Description, ViewCount) VALUES (1004, N'Chef Anton''s Cajun Seasoning', N'1004.jpg', 21000000, 0, 22, N'1976-03-10', 1, 1001, N'EmEditor uses JavaScript or VBScript for its macro language, so those who are familiar with HTML or Windows scripting will be able to write macros with little difficulty. For those unfamiliar with scripting languages, EmEditor can record keystrokes, which can then be saved in a macro file that can easily be loaded in different situations. With the use of JavaScript or VBScript, you can also troubleshoot your code easily. For example, in JavaScript, you can use the following statement to troubleshoot errors', 1);
INSERT INTO websales.dbo.Products (Id, Name, Image, UnitPrice, Discount, Quantity, ProductDate, Available, CategoryId, Description, ViewCount) VALUES (1005, N'Chef Anton''s Gumbo Mix', N'1005.jpg', 6000000, 0.5, 21, N'1978-12-06', 1, 1002, N'<br>', 0);
INSERT INTO websales.dbo.Products (Id, Name, Image, UnitPrice, Discount, Quantity, ProductDate, Available, CategoryId, Description, ViewCount) VALUES (1006, N'Grandma''s Boysenberry Spread', N'1006.jpg', 10000000, 0, 25, N'1981-09-03', 1, 1001, N'<b style="color: rgb(153, 51, 153);">EmEditor uses JavaScript or VBScript for its macro language, so those who are familiar with HTML or Windows scripting will be able to write macros with little difficulty. For those unfamiliar with scripting languages, EmEditor can record keystrokes, which can then be saved in a macro file that can easily be loaded in different situations. With the use of JavaScript or VBScript, you can also troubleshoot your code easily. </b><font size="3" style="" color="#660099"><b style="">For example</b></font><b style="color: rgb(153, 51, 153);">, in JavaScript, you can use the following statement to troubleshoot errors</b>', 0);
INSERT INTO websales.dbo.Products (Id, Name, Image, UnitPrice, Discount, Quantity, ProductDate, Available, CategoryId, Description, ViewCount) VALUES (1008, N'Northwoods Cranberry Sauce', N'1008.jpg', 4000000, 0, 40, N'1972-02-26', 0, 1001, N'<br>', 0);
INSERT INTO websales.dbo.Products (Id, Name, Image, UnitPrice, Discount, Quantity, ProductDate, Available, CategoryId, Description, ViewCount) VALUES (1011, N'Queso Cabrales', N'1011.jpg', 1000000, 0, 21, N'1985-11-28', 1, 1002, N'EmEditor uses JavaScript or VBScript for its macro language, so those who are familiar with HTML or Windows scripting will be able to write macros with little difficulty. For those unfamiliar with scripting languages, EmEditor can record keystrokes, which can then be saved in a macro file that can easily be loaded in different situations. With the use of JavaScript or VBScript, you can also troubleshoot your code easily. For example, in JavaScript, you can use the following statement to troubleshoot errors', 0);
INSERT INTO websales.dbo.Products (Id, Name, Image, UnitPrice, Discount, Quantity, ProductDate, Available, CategoryId, Description, ViewCount) VALUES (1012, N'Queso Manchego La Pastora', N'1012.jpg', 1000000, 0.5, 38, N'1988-08-27', 1, 1002, N'EmEditor uses JavaScript or VBScript for its macro language, so those who are familiar with HTML or Windows scripting will be able to write macros with little difficulty. For those unfamiliar with scripting languages, EmEditor can record keystrokes, which can then be saved in a macro file that can easily be loaded in different situations. With the use of JavaScript or VBScript, you can also troubleshoot your code easily. For example, in JavaScript, you can use the following statement to troubleshoot errors', 0);
INSERT INTO websales.dbo.Products (Id, Name, Image, UnitPrice, Discount, Quantity, ProductDate, Available, CategoryId, Description, ViewCount) VALUES (1015, N'Genen Shouyu', N'1015.jpg', 11000000, 0, 15, N'1991-05-04', 1, 1001, N'<br>', 0);
INSERT INTO websales.dbo.Products (Id, Name, Image, UnitPrice, Discount, Quantity, ProductDate, Available, CategoryId, Description, ViewCount) VALUES (1016, N'Pavlova', N'1016.jpg', 400000, 0, 17, N'1996-11-09', 1, 1002, N'EmEditor uses JavaScript or VBScript for its macro language, so those who are familiar with HTML or Windows scripting will be able to write macros with little difficulty. For those unfamiliar with scripting languages, EmEditor can record keystrokes, which can then be saved in a macro file that can easily be loaded in different situations. With the use of JavaScript or VBScript, you can also troubleshoot your code easily. For example, in JavaScript, you can use the following statement to troubleshoot errors', 0);
INSERT INTO websales.dbo.Products (Id, Name, Image, UnitPrice, Discount, Quantity, ProductDate, Available, CategoryId, Description, ViewCount) VALUES (1019, N'Teatime Chocolate Biscuits', N'1019.jpg', 600000, 0, 9, N'2005-02-02', 1, 1002, N'EmEditor uses JavaScript or VBScript for its macro language, so those who are familiar with HTML or Windows scripting will be able to write macros with little difficulty. For those unfamiliar with scripting languages, EmEditor can record keystrokes, which can then be saved in a macro file that can easily be loaded in different situations. With the use of JavaScript or VBScript, you can also troubleshoot your code easily. For example, in JavaScript, you can use the following statement to troubleshoot errors', 0);
INSERT INTO websales.dbo.Products (Id, Name, Image, UnitPrice, Discount, Quantity, ProductDate, Available, CategoryId, Description, ViewCount) VALUES (1020, N'Sir Rodney''s Marmalade', N'1020.jpg', 2100000, 0, 81, N'2007-11-01', 1, 1002, N'EmEditor uses JavaScript or VBScript for its macro language, so those who are familiar with HTML or Windows scripting will be able to write macros with little difficulty. For those unfamiliar with scripting languages, EmEditor can record keystrokes, which can then be saved in a macro file that can easily be loaded in different situations. With the use of JavaScript or VBScript, you can also troubleshoot your code easily. For example, in JavaScript, you can use the following statement to troubleshoot errors', 0);
INSERT INTO websales.dbo.Products (Id, Name, Image, UnitPrice, Discount, Quantity, ProductDate, Available, CategoryId, Description, ViewCount) VALUES (1021, N'Sir Rodney''s Scones', N'1021.jpg', 2500000, 0.3, 10, N'2010-07-29', 1, 1002, N'EmEditor uses JavaScript or VBScript for its macro language, so those who are familiar with HTML or Windows scripting will be able to write macros with little difficulty. For those unfamiliar with scripting languages, EmEditor can record keystrokes, which can then be saved in a macro file that can easily be loaded in different situations. With the use of JavaScript or VBScript, you can also troubleshoot your code easily. For example, in JavaScript, you can use the following statement to troubleshoot errors', 0);
INSERT INTO websales.dbo.Products (Id, Name, Image, UnitPrice, Discount, Quantity, ProductDate, Available, CategoryId, Description, ViewCount) VALUES (1024, N'Guarana¡ Fanta¡stica', N'1024.jpg', 1000000, 0, 4, N'2008-03-13', 0, 1000, N'EmEditor uses JavaScript or VBScript for its macro language, so those who are familiar with HTML or Windows scripting will be able to write macros with little difficulty. For those unfamiliar with scripting languages, EmEditor can record keystrokes, which can then be saved in a macro file that can easily be loaded in different situations. With the use of JavaScript or VBScript, you can also troubleshoot your code easily. For example, in JavaScript, you can use the following statement to troubleshoot errors', 0);
INSERT INTO websales.dbo.Products (Id, Name, Image, UnitPrice, Discount, Quantity, ProductDate, Available, CategoryId, Description, ViewCount) VALUES (1025, N'NuNuCa NuaaŸ-Nougat-Creme', N'1025.jpg', 430000, 0, 14, N'2011-07-20', 1, 1002, N'EmEditor uses JavaScript or VBScript for its macro language, so those who are familiar with HTML or Windows scripting will be able to write macros with little difficulty. For those unfamiliar with scripting languages, EmEditor can record keystrokes, which can then be saved in a macro file that can easily be loaded in different situations. With the use of JavaScript or VBScript, you can also troubleshoot your code easily. For example, in JavaScript, you can use the following statement to troubleshoot errors', 0);
INSERT INTO websales.dbo.Products (Id, Name, Image, UnitPrice, Discount, Quantity, ProductDate, Available, CategoryId, Description, ViewCount) VALUES (1026, N'Gumbar Gummibarchen', N'1026.jpg', 2200000, 0, 31, N'2009-04-17', 1, 1002, N'EmEditor uses JavaScript or VBScript for its macro language, so those who are familiar with HTML or Windows scripting will be able to write macros with little difficulty. For those unfamiliar with scripting languages, EmEditor can record keystrokes, which can then be saved in a macro file that can easily be loaded in different situations. With the use of JavaScript or VBScript, you can also troubleshoot your code easily. For example, in JavaScript, you can use the following statement to troubleshoot errors', 0);
INSERT INTO websales.dbo.Products (Id, Name, Image, UnitPrice, Discount, Quantity, ProductDate, Available, CategoryId, Description, ViewCount) VALUES (1027, N'Schoggi Schokolade', N'1027.jpg', 2100000, 0.4, 43, N'2007-01-14', 1, 1002, N'EmEditor uses JavaScript or VBScript for its macro language, so those who are familiar with HTML or Windows scripting will be able to write macros with little difficulty. For those unfamiliar with scripting languages, EmEditor can record keystrokes, which can then be saved in a macro file that can easily be loaded in different situations. With the use of JavaScript or VBScript, you can also troubleshoot your code easily. For example, in JavaScript, you can use the following statement to troubleshoot errors', 0);
INSERT INTO websales.dbo.Products (Id, Name, Image, UnitPrice, Discount, Quantity, ProductDate, Available, CategoryId, Description, ViewCount) VALUES (1031, N'Gorgonzola Telino', N'1031.jpg', 1250000, 0, 12, N'2010-10-30', 0, 1002, N'EmEditor uses JavaScript or VBScript for its macro language, so those who are familiar with HTML or Windows scripting will be able to write macros with little difficulty. For those unfamiliar with scripting languages, EmEditor can record keystrokes, which can then be saved in a macro file that can easily be loaded in different situations. With the use of JavaScript or VBScript, you can also troubleshoot your code easily. For example, in JavaScript, you can use the following statement to troubleshoot errors', 0);
INSERT INTO websales.dbo.Products (Id, Name, Image, UnitPrice, Discount, Quantity, ProductDate, Available, CategoryId, Description, ViewCount) VALUES (1032, N'Mascarpone Fabioli', N'1032.jpg', 1300000, 0, 32, N'2011-07-30', 0, 1002, N'EmEditor uses JavaScript or VBScript for its macro language, so those who are familiar with HTML or Windows scripting will be able to write macros with little difficulty. For those unfamiliar with scripting languages, EmEditor can record keystrokes, which can then be saved in a macro file that can easily be loaded in different situations. With the use of JavaScript or VBScript, you can also troubleshoot your code easily. For example, in JavaScript, you can use the following statement to troubleshoot errors', 0);
INSERT INTO websales.dbo.Products (Id, Name, Image, UnitPrice, Discount, Quantity, ProductDate, Available, CategoryId, Description, ViewCount) VALUES (1033, N'Geitost', N'1033.png', 1100000, 0, 2, N'2010-04-29', 1, 1002, N'EmEditor uses JavaScript or VBScript for its macro language, so those who are familiar with HTML or Windows scripting will be able to write macros with little difficulty. For those unfamiliar with scripting languages, EmEditor can record keystrokes, which can then be saved in a macro file that can easily be loaded in different situations. With the use of JavaScript or VBScript, you can also troubleshoot your code easily. For example, in JavaScript, you can use the following statement to troubleshoot errors', 0);
INSERT INTO websales.dbo.Products (Id, Name, Image, UnitPrice, Discount, Quantity, ProductDate, Available, CategoryId, Description, ViewCount) VALUES (1034, N'Sasquatch Ale', N'1034.jpg', 200000, 0, 14, N'2010-07-30', 1, 1000, N'EmEditor uses JavaScript or VBScript for its macro language, so those who are familiar with HTML or Windows scripting will be able to write macros with little difficulty. For those unfamiliar with scripting languages, EmEditor can record keystrokes, which can then be saved in a macro file that can easily be loaded in different situations. With the use of JavaScript or VBScript, you can also troubleshoot your code easily. For example, in JavaScript, you can use the following statement to troubleshoot errors', 0);
INSERT INTO websales.dbo.Products (Id, Name, Image, UnitPrice, Discount, Quantity, ProductDate, Available, CategoryId, Description, ViewCount) VALUES (1035, N'Steeleye Stout', N'1035.jpg', 500000, 0, 18, N'2011-04-25', 1, 1000, N'EmEditor uses JavaScript or VBScript for its macro language, so those who are familiar with HTML or Windows scripting will be able to write macros with little difficulty. For those unfamiliar with scripting languages, EmEditor can record keystrokes, which can then be saved in a macro file that can easily be loaded in different situations. With the use of JavaScript or VBScript, you can also troubleshoot your code easily. For example, in JavaScript, you can use the following statement to troubleshoot errors', 0);
INSERT INTO websales.dbo.Products (Id, Name, Image, UnitPrice, Discount, Quantity, ProductDate, Available, CategoryId, Description, ViewCount) VALUES (1038, N'Cate de Blaye', N'1038.jpg', 300000, 0, 263, N'1981-07-12', 1, 1000, N'EmEditor uses JavaScript or VBScript for its macro language, so those who are familiar with HTML or Windows scripting will be able to write macros with little difficulty. For those unfamiliar with scripting languages, EmEditor can record keystrokes, which can then be saved in a macro file that can easily be loaded in different situations. With the use of JavaScript or VBScript, you can also troubleshoot your code easily. For example, in JavaScript, you can use the following statement to troubleshoot errors', 1);
INSERT INTO websales.dbo.Products (Id, Name, Image, UnitPrice, Discount, Quantity, ProductDate, Available, CategoryId, Description, ViewCount) VALUES (1039, N'Chartreuse verte', N'1039.jpg', 2100000, 0, 18, N'1984-04-08', 1, 1000, N'EmEditor uses JavaScript or VBScript for its macro language, so those who are familiar with HTML or Windows scripting will be able to write macros with little difficulty. For those unfamiliar with scripting languages, EmEditor can record keystrokes, which can then be saved in a macro file that can easily be loaded in different situations. With the use of JavaScript or VBScript, you can also troubleshoot your code easily. For example, in JavaScript, you can use the following statement to troubleshoot errors', 0);
INSERT INTO websales.dbo.Products (Id, Name, Image, UnitPrice, Discount, Quantity, ProductDate, Available, CategoryId, Description, ViewCount) VALUES (1043, N'Ipoh Coffee', N'1043.jpg', 900000, 0, 46, N'1980-03-20', 1, 1000, N'EmEditor uses JavaScript or VBScript for its macro language, so those who are familiar with HTML or Windows scripting will be able to write macros with little difficulty. For those unfamiliar with scripting languages, EmEditor can record keystrokes, which can then be saved in a macro file that can easily be loaded in different situations. With the use of JavaScript or VBScript, you can also troubleshoot your code easily. For example, in JavaScript, you can use the following statement to troubleshoot errors', 0);
INSERT INTO websales.dbo.Products (Id, Name, Image, UnitPrice, Discount, Quantity, ProductDate, Available, CategoryId, Description, ViewCount) VALUES (1044, N'Gula Malacca', N'1044.jpg', 3100000, 0, 19, N'1970-10-25', 1, 1001, N'EmEditor uses JavaScript or VBScript for its macro language, so those who are familiar with HTML or Windows scripting will be able to write macros with little difficulty. For those unfamiliar with scripting languages, EmEditor can record keystrokes, which can then be saved in a macro file that can easily be loaded in different situations. With the use of JavaScript or VBScript, you can also troubleshoot your code easily. For example, in JavaScript, you can use the following statement to troubleshoot errors', 0);
INSERT INTO websales.dbo.Products (Id, Name, Image, UnitPrice, Discount, Quantity, ProductDate, Available, CategoryId, Description, ViewCount) VALUES (1047, N'Zaanse koeken', N'1047.jpg', 1800000, 0, 9, N'1981-11-25', 1, 1002, N'EmEditor uses JavaScript or VBScript for its macro language, so those who are familiar with HTML or Windows scripting will be able to write macros with little difficulty. For those unfamiliar with scripting languages, EmEditor can record keystrokes, which can then be saved in a macro file that can easily be loaded in different situations. With the use of JavaScript or VBScript, you can also troubleshoot your code easily. For example, in JavaScript, you can use the following statement to troubleshoot errors', 0);
INSERT INTO websales.dbo.Products (Id, Name, Image, UnitPrice, Discount, Quantity, ProductDate, Available, CategoryId, Description, ViewCount) VALUES (1048, N'Chocolade', N'1048.jpg', 2100000, 0, 12, N'1984-08-24', 0, 1002, N'EmEditor uses JavaScript or VBScript for its macro language, so those who are familiar with HTML or Windows scripting will be able to write macros with little difficulty. For those unfamiliar with scripting languages, EmEditor can record keystrokes, which can then be saved in a macro file that can easily be loaded in different situations. With the use of JavaScript or VBScript, you can also troubleshoot your code easily. For example, in JavaScript, you can use the following statement to troubleshoot errors', 0);
INSERT INTO websales.dbo.Products (Id, Name, Image, UnitPrice, Discount, Quantity, ProductDate, Available, CategoryId, Description, ViewCount) VALUES (1049, N'Maxilaku', N'1049.jpg', 1430000, 0, 20, N'1987-05-23', 0, 1002, N'EmEditor uses JavaScript or VBScript for its macro language, so those who are familiar with HTML or Windows scripting will be able to write macros with little difficulty. For those unfamiliar with scripting languages, EmEditor can record keystrokes, which can then be saved in a macro file that can easily be loaded in different situations. With the use of JavaScript or VBScript, you can also troubleshoot your code easily. For example, in JavaScript, you can use the following statement to troubleshoot errors', 0);
INSERT INTO websales.dbo.Products (Id, Name, Image, UnitPrice, Discount, Quantity, ProductDate, Available, CategoryId, Description, ViewCount) VALUES (1050, N'Valkoinen suklaa', N'1050.jpg', 1400000, 0, 16, N'1990-02-17', 0, 1002, N'EmEditor uses JavaScript or VBScript for its macro language, so those who are familiar with HTML or Windows scripting will be able to write macros with little difficulty. For those unfamiliar with scripting languages, EmEditor can record keystrokes, which can then be saved in a macro file that can easily be loaded in different situations. With the use of JavaScript or VBScript, you can also troubleshoot your code easily. For example, in JavaScript, you can use the following statement to troubleshoot errors', 0);
INSERT INTO websales.dbo.Products (Id, Name, Image, UnitPrice, Discount, Quantity, ProductDate, Available, CategoryId, Description, ViewCount) VALUES (1059, N'Raclette Courdavault', N'1059.jpg', 600000, 0, 55, N'2007-09-22', 1, 1002, N'EmEditor uses JavaScript or VBScript for its macro language, so those who are familiar with HTML or Windows scripting will be able to write macros with little difficulty. For those unfamiliar with scripting languages, EmEditor can record keystrokes, which can then be saved in a macro file that can easily be loaded in different situations. With the use of JavaScript or VBScript, you can also troubleshoot your code easily. For example, in JavaScript, you can use the following statement to troubleshoot errors', 0);
INSERT INTO websales.dbo.Products (Id, Name, Image, UnitPrice, Discount, Quantity, ProductDate, Available, CategoryId, Description, ViewCount) VALUES (1060, N'Camembert Pierrot', N'1060.jpg', 2400000, 0, 34, N'2010-06-20', 1, 1002, N'EmEditor uses JavaScript or VBScript for its macro language, so those who are familiar with HTML or Windows scripting will be able to write macros with little difficulty. For those unfamiliar with scripting languages, EmEditor can record keystrokes, which can then be saved in a macro file that can easily be loaded in different situations. With the use of JavaScript or VBScript, you can also troubleshoot your code easily. For example, in JavaScript, you can use the following statement to troubleshoot errors', 0);
INSERT INTO websales.dbo.Products (Id, Name, Image, UnitPrice, Discount, Quantity, ProductDate, Available, CategoryId, Description, ViewCount) VALUES (1061, N'Sirop d''aOrable', N'1061.jpg', 8000000, 0, 28, N'2007-05-29', 0, 1001, N'EmEditor uses JavaScript or VBScript for its macro language, so those who are familiar with HTML or Windows scripting will be able to write macros with little difficulty. For those unfamiliar with scripting languages, EmEditor can record keystrokes, which can then be saved in a macro file that can easily be loaded in different situations. With the use of JavaScript or VBScript, you can also troubleshoot your code easily. For example, in JavaScript, you can use the following statement to troubleshoot errors', 0);
INSERT INTO websales.dbo.Products (Id, Name, Image, UnitPrice, Discount, Quantity, ProductDate, Available, CategoryId, Description, ViewCount) VALUES (1062, N'Tarte au sucre', N'1062.jpg', 2300000, 0, 49, N'2008-01-21', 1, 1002, N'EmEditor uses JavaScript or VBScript for its macro language, so those who are familiar with HTML or Windows scripting will be able to write macros with little difficulty. For those unfamiliar with scripting languages, EmEditor can record keystrokes, which can then be saved in a macro file that can easily be loaded in different situations. With the use of JavaScript or VBScript, you can also troubleshoot your code easily. For example, in JavaScript, you can use the following statement to troubleshoot errors', 0);
INSERT INTO websales.dbo.Products (Id, Name, Image, UnitPrice, Discount, Quantity, ProductDate, Available, CategoryId, Description, ViewCount) VALUES (1063, N'Vegie-spread', N'1063.jpg', 23000000, 0, 43, N'2007-11-21', 1, 1001, N'EmEditor uses JavaScript or VBScript for its macro language, so those who are familiar with HTML or Windows scripting will be able to write macros with little difficulty. For those unfamiliar with scripting languages, EmEditor can record keystrokes, which can then be saved in a macro file that can easily be loaded in different situations. With the use of JavaScript or VBScript, you can also troubleshoot your code easily. For example, in JavaScript, you can use the following statement to troubleshoot errors', 1);
INSERT INTO websales.dbo.Products (Id, Name, Image, UnitPrice, Discount, Quantity, ProductDate, Available, CategoryId, Description, ViewCount) VALUES (1065, N'Louisiana Fiery Hot Pepper Sauce', N'1065.jpg', 4000000, 0, 21, N'2008-05-15', 1, 1001, N'EmEditor uses JavaScript or VBScript for its macro language, so those who are familiar with HTML or Windows scripting will be able to write macros with little difficulty. For those unfamiliar with scripting languages, EmEditor can record keystrokes, which can then be saved in a macro file that can easily be loaded in different situations. With the use of JavaScript or VBScript, you can also troubleshoot your code easily. For example, in JavaScript, you can use the following statement to troubleshoot errors', 2);
INSERT INTO websales.dbo.Products (Id, Name, Image, UnitPrice, Discount, Quantity, ProductDate, Available, CategoryId, Description, ViewCount) VALUES (1066, N'Louisiana Hot Spiced Okra', N'1066.jpg', 17000000, 0, 17, N'2011-02-10', 1, 1001, N'EmEditor uses JavaScript or VBScript for its macro language, so those who are familiar with HTML or Windows scripting will be able to write macros with little difficulty. For those unfamiliar with scripting languages, EmEditor can record keystrokes, which can then be saved in a macro file that can easily be loaded in different situations. With the use of JavaScript or VBScript, you can also troubleshoot your code easily. For example, in JavaScript, you can use the following statement to troubleshoot errors', 0);
INSERT INTO websales.dbo.Products (Id, Name, Image, UnitPrice, Discount, Quantity, ProductDate, Available, CategoryId, Description, ViewCount) VALUES (1067, N'Laughing Lumberjack Lager', N'1067.jpg', 1400000, 0, 14, N'2010-12-05', 1, 1000, N'EmEditor uses JavaScript or VBScript for its macro language, so those who are familiar with HTML or Windows scripting will be able to write macros with little difficulty. For those unfamiliar with scripting languages, EmEditor can record keystrokes, which can then be saved in a macro file that can easily be loaded in different situations. With the use of JavaScript or VBScript, you can also troubleshoot your code easily. For example, in JavaScript, you can use the following statement to troubleshoot errors', 0);
INSERT INTO websales.dbo.Products (Id, Name, Image, UnitPrice, Discount, Quantity, ProductDate, Available, CategoryId, Description, ViewCount) VALUES (1068, N'Scottish Longbreads', N'1068.jpg', 2400000, 0, 12, N'2009-07-08', 0, 1002, N'EmEditor uses JavaScript or VBScript for its macro language, so those who are familiar with HTML or Windows scripting will be able to write macros with little difficulty. For those unfamiliar with scripting languages, EmEditor can record keystrokes, which can then be saved in a macro file that can easily be loaded in different situations. With the use of JavaScript or VBScript, you can also troubleshoot your code easily. For example, in JavaScript, you can use the following statement to troubleshoot errors', 0);
INSERT INTO websales.dbo.Products (Id, Name, Image, UnitPrice, Discount, Quantity, ProductDate, Available, CategoryId, Description, ViewCount) VALUES (1069, N'Gudbrandsdalsost', N'1069.jpg', 1200000, 0, 36, N'2011-03-09', 0, 1002, N'EmEditor uses JavaScript or VBScript for its macro language, so those who are familiar with HTML or Windows scripting will be able to write macros with little difficulty. For those unfamiliar with scripting languages, EmEditor can record keystrokes, which can then be saved in a macro file that can easily be loaded in different situations. With the use of JavaScript or VBScript, you can also troubleshoot your code easily. For example, in JavaScript, you can use the following statement to troubleshoot errors', 2);
INSERT INTO websales.dbo.Products (Id, Name, Image, UnitPrice, Discount, Quantity, ProductDate, Available, CategoryId, Description, ViewCount) VALUES (1070, N'Outback Lager', N'1070.jpg', 2000000, 0, 15, N'2009-02-21', 1, 1000, N'EmEditor uses JavaScript or VBScript for its macro language, so those who are familiar with HTML or Windows scripting will be able to write macros with little difficulty. For those unfamiliar with scripting languages, EmEditor can record keystrokes, which can then be saved in a macro file that can easily be loaded in different situations. With the use of JavaScript or VBScript, you can also troubleshoot your code easily. For example, in JavaScript, you can use the following statement to troubleshoot errors', 0);
INSERT INTO websales.dbo.Products (Id, Name, Image, UnitPrice, Discount, Quantity, ProductDate, Available, CategoryId, Description, ViewCount) VALUES (1071, N'Flotemysost', N'1071.jpg', 1500000, 0, 21, N'1980-09-04', 1, 1002, N'EmEditor uses JavaScript or VBScript for its macro language, so those who are familiar with HTML or Windows scripting will be able to write macros with little difficulty. For those unfamiliar with scripting languages, EmEditor can record keystrokes, which can then be saved in a macro file that can easily be loaded in different situations. With the use of JavaScript or VBScript, you can also troubleshoot your code easily. For example, in JavaScript, you can use the following statement to troubleshoot errors', 0);
INSERT INTO websales.dbo.Products (Id, Name, Image, UnitPrice, Discount, Quantity, ProductDate, Available, CategoryId, Description, ViewCount) VALUES (1072, N'Mozzarella di Giovanni', N'1072.jpg', 500000, 0, 34, N'1983-06-03', 1, 1002, N'EmEditor uses JavaScript or VBScript for its macro language, so those who are familiar with HTML or Windows scripting will be able to write macros with little difficulty. For those unfamiliar with scripting languages, EmEditor can record keystrokes, which can then be saved in a macro file that can easily be loaded in different situations. With the use of JavaScript or VBScript, you can also troubleshoot your code easily. For example, in JavaScript, you can use the following statement to troubleshoot errors', 0);
INSERT INTO websales.dbo.Products (Id, Name, Image, UnitPrice, Discount, Quantity, ProductDate, Available, CategoryId, Description, ViewCount) VALUES (1075, N'RhanbrAu Klosterbier', N'1075.jpg', 1500000, 0, 7, N'1982-10-31', 1, 1000, N'EmEditor uses JavaScript or VBScript for its macro language, so those who are familiar with HTML or Windows scripting will be able to write macros with little difficulty. For those unfamiliar with scripting languages, EmEditor can record keystrokes, which can then be saved in a macro file that can easily be loaded in different situations. With the use of JavaScript or VBScript, you can also troubleshoot your code easily. For example, in JavaScript, you can use the following statement to troubleshoot errors', 0);
INSERT INTO websales.dbo.Products (Id, Name, Image, UnitPrice, Discount, Quantity, ProductDate, Available, CategoryId, Description, ViewCount) VALUES (1076, N'Lakkalik AAri', N'1076.jpg', 2000000, 0, 18, N'1970-07-28', 1, 1000, N'EmEditor uses JavaScript or VBScript for its macro language, so those who are familiar with HTML or Windows scripting will be able to write macros with little difficulty. For those unfamiliar with scripting languages, EmEditor can record keystrokes, which can then be saved in a macro file that can easily be loaded in different situations. With the use of JavaScript or VBScript, you can also troubleshoot your code easily. For example, in JavaScript, you can use the following statement to troubleshoot errors', 0);
INSERT INTO websales.dbo.Products (Id, Name, Image, UnitPrice, Discount, Quantity, ProductDate, Available, CategoryId, Description, ViewCount) VALUES (1077, N'Original Frankfurter grane SoaŸe', N'1077.gif', 7000000, 0, 13, N'1976-04-04', 1, 1001, N'EmEditor uses JavaScript or VBScript for its macro language, so those who are familiar with HTML or Windows scripting will be able to write macros with little difficulty. For those unfamiliar with scripting languages, EmEditor can record keystrokes, which can then be saved in a macro file that can easily be loaded in different situations. With the use of JavaScript or VBScript, you can also troubleshoot your code easily. For example, in JavaScript, you can use the following statement to troubleshoot errors', 0);
INSERT INTO websales.dbo.Products (Id, Name, Image, UnitPrice, Discount, Quantity, ProductDate, Available, CategoryId, Description, ViewCount) VALUES (1081, N'Chai', N'1081.jpg', 3000000, 0, 19, N'1984-04-04', 1, 1000, N'EmEditor uses JavaScript or VBScript for its macro language, so those who are familiar with HTML or Windows scripting will be able to write macros with little difficulty. For those unfamiliar with scripting languages, EmEditor can record keystrokes, which can then be saved in a macro file that can easily be loaded in different situations. With the use of JavaScript or VBScript, you can also troubleshoot your code easily. For example, in JavaScript, you can use the following statement to troubleshoot errors', 0);
INSERT INTO websales.dbo.Products (Id, Name, Image, UnitPrice, Discount, Quantity, ProductDate, Available, CategoryId, Description, ViewCount) VALUES (1088, N'macbook', N'Macbook-PNG-Pic.png', 35000000, 0, 1, N'2023-04-24', 1, 1001, N'<br>', 0);
INSERT INTO websales.dbo.Products (Id, Name, Image, UnitPrice, Discount, Quantity, ProductDate, Available, CategoryId, Description, ViewCount) VALUES (1090, N'macbook pro m1 2023', N'Macbook-pro-16-inch-Core-i9.png', 40000000, 0, 1, N'2023-04-24', 1, 1001, N'<br>', 0);

use websales
go

create table Customers
(
    Id               nvarchar(20) not null
        constraint PK_Customers
        primary key,
    Password         nvarchar(50) not null,
    Fullname         nvarchar(50) not null,
    Email            nvarchar(50) not null,
    Photo            nvarchar(50) not null,
    Activated        bit          not null,
    Admin            bit          not null,
    IsChangePassword bit,
    PhoneNumber      varchar(255),
    Address          nvarchar(255)
)
    go

INSERT INTO websales.dbo.Customers (Id, Password, Fullname, Email, Photo, Activated, Admin, IsChangePassword, PhoneNumber, Address) VALUES (N'12134567', N'sssss', N'Trịnh Tuấn Vũ', N'test@gmail.com', N'Phôt.png', 1, 1, 1, N'0978453123', null);
INSERT INTO websales.dbo.Customers (Id, Password, Fullname, Email, Photo, Activated, Admin, IsChangePassword, PhoneNumber, Address) VALUES (N'hien123', N'123456', N'Dương Thị Hiền', N'trinhtuanvuu@gmail.com', N'user.png', 1, 0, 1, N'0978453143', null);
INSERT INTO websales.dbo.Customers (Id, Password, Fullname, Email, Photo, Activated, Admin, IsChangePassword, PhoneNumber, Address) VALUES (N'hien123456', N'123456', N'Dương Thị Hiền', N'hien.qthk12@gmail.com', N'user.png', 0, 0, 1, N'0978453124', null);
INSERT INTO websales.dbo.Customers (Id, Password, Fullname, Email, Photo, Activated, Admin, IsChangePassword, PhoneNumber, Address) VALUES (N'trinhtuanvu', N'123', N'Trịnh Tuấn Vũ', N'trinhtuanvuu@gmail.com', N'avata_cv.jpg', 1, 1, 1, N'0982785828', null);
INSERT INTO websales.dbo.Customers (Id, Password, Fullname, Email, Photo, Activated, Admin, IsChangePassword, PhoneNumber, Address) VALUES (N'tuanvu', N'123456', N'Trinh Tuan Vu', N'tuanvuplbp@gmail.com', N'avata_cv.jpg', 1, 1, 1, N'0987123645', null);
INSERT INTO websales.dbo.Customers (Id, Password, Fullname, Email, Photo, Activated, Admin, IsChangePassword, PhoneNumber, Address) VALUES (N'vuongha', N'123', N'Vương', N'tuanvuplbp@gmail.com', N'user.png', 1, 0, 1, N'0978453123', null);
INSERT INTO websales.dbo.Customers (Id, Password, Fullname, Email, Photo, Activated, Admin, IsChangePassword, PhoneNumber, Address) VALUES (N'vutt40', N'123123', N'Trịnh Tuấn Vũ', N'trinhtuanvuu@gmail.com', N'user.png', 0, 0, 1, N'0978453123', null);
INSERT INTO websales.dbo.Customers (Id, Password, Fullname, Email, Photo, Activated, Admin, IsChangePassword, PhoneNumber, Address) VALUES (N'vutt41', N'123456', N'trinhtuan vu', N'trinhtuanvuu@gmail.com', N'user.png', 0, 0, 1, N'0978453124', null);
INSERT INTO websales.dbo.Customers (Id, Password, Fullname, Email, Photo, Activated, Admin, IsChangePassword, PhoneNumber, Address) VALUES (N'vutt42', N'123', N'Trịnh Tuấn Vũ', N'trinhtuanvuu@gmail.com', N'user.png', 0, 0, 1, N'0982785828', null);
INSERT INTO websales.dbo.Customers (Id, Password, Fullname, Email, Photo, Activated, Admin, IsChangePassword, PhoneNumber, Address) VALUES (N'vutt43', N'1234', N'Trịnh Tuấn Vũ', N'trinhtuanvuu@gmail.com', N'user.png', 1, 0, 1, N'0987123645', null);
INSERT INTO websales.dbo.Customers (Id, Password, Fullname, Email, Photo, Activated, Admin, IsChangePassword, PhoneNumber, Address) VALUES (N'vutt45', N'123456', N'Trịnh Tuấn Vũ', N'trinhtuanvuu@gmail.com', N'user.png', 0, 0, 1, N'0978453123', null);
INSERT INTO websales.dbo.Customers (Id, Password, Fullname, Email, Photo, Activated, Admin, IsChangePassword, PhoneNumber, Address) VALUES (N'vutt46', N'123', N'trinhtuan vu', N'trinhtuanvuu@gmail.com', N'user.png', 0, 0, 1, N'0978453143', null);
INSERT INTO websales.dbo.Customers (Id, Password, Fullname, Email, Photo, Activated, Admin, IsChangePassword, PhoneNumber, Address) VALUES (N'vutt47', N'123', N'trinhtuan vu', N'tuanvuplbp@gmail.com', N'user.png', 1, 0, 1, N'0978453124', null);
INSERT INTO websales.dbo.Customers (Id, Password, Fullname, Email, Photo, Activated, Admin, IsChangePassword, PhoneNumber, Address) VALUES (N'vutt48', N'1234567', N'Tuấn Vũ', N'vutt1@yopmail.com', N'user.png', 1, 0, 1, N'0982785828', N'Khu 5 Hồ Chí Minh');
INSERT INTO websales.dbo.Customers (Id, Password, Fullname, Email, Photo, Activated, Admin, IsChangePassword, PhoneNumber, Address) VALUES (N'vutt49', N'1234', N'Tuấn Vũ', N'vutt1@yopmail.com', N'user.png', 1, 0, 1, N'0987123645', N'96/18 đường 265 P.Hiệp Phú Quận 9');
INSERT INTO websales.dbo.Customers (Id, Password, Fullname, Email, Photo, Activated, Admin, IsChangePassword, PhoneNumber, Address) VALUES (N'vutt50', N'123456', N'Vũ', N'vutt2@yopmail.com', N'user.png', 1, 0, 1, N'0978453123', N'Ho Chi Minh');
INSERT INTO websales.dbo.Customers (Id, Password, Fullname, Email, Photo, Activated, Admin, IsChangePassword, PhoneNumber, Address) VALUES (N'vutt51', N'123456', N'Tuấn Vũ', N'vutt2@yopmail.com', N'user.png', 1, 0, 1, N'097824165', N'Ho Chi Minh');

use websales
go

create table Partners
(
    id             int identity
        constraint Partners_pk
        primary key nonclustered,
    created_by     varchar(255),
    modified_by    varchar(255),
    modified_date  varchar(255),
    state          varchar(255),
    code           varchar(255),
    generate_uri   varchar(255),
    host           varchar(255),
    merchant_id    varchar(255),
    name           nvarchar(50),
    redirect_proxy varchar(255),
    uuid           varchar(255),
    created_date   varchar(255),
    secret_key     varchar(255)
)
    go

create unique index Partners_id_uindex
    on Partners (id)
go
INSERT INTO websales.dbo.Partners (id, created_by, modified_by, modified_date, state, code, generate_uri, host, merchant_id, name, redirect_proxy, uuid, created_date, secret_key) VALUES (3, N'system', N'system', N'2023-04-24T23:44:03.094', N'ACTIVE', N'VNPAY', N'paymentv2/vpcpay.html', N'https://sandbox.vnpayment.vn/', N'NIE1ALRZ', N'Thanh toán trực tuyến VNPAY', N'http://localhost:8081/', N'cae8cc52-76cc-4d29-aef9-10ff4db28c95', N'2023-04-19T22:48:01.956', N'TfTn1GTqvtbBLVecA0XL0/Xa4nvWblS6jVq2wSiKNaOnwiLcLLkA4qzvSm0itgelrOPMRG2po+ikVHRv6s+ZK2mRQ6BSrDRTe+n5Fw==');
INSERT INTO websales.dbo.Partners (id, created_by, modified_by, modified_date, state, code, generate_uri, host, merchant_id, name, redirect_proxy, uuid, created_date, secret_key) VALUES (4, N'system', N'system', N'2023-04-22T10:56:25.325', N'ACTIVE', N'COD', N'null', null, null, N'Thanh toán khi nhận hàng', null, N'483b6105-4f44-4484-85d6-1b53089931bf', N'2023-04-19T22:48:01.956', null);


use websales
go

create table Orders
(
    Id          int identity
        constraint PK_Orders
        primary key,
    CustomerId  nvarchar(20) not null,
    OrderDate   datetime     not null,
    Address     nvarchar(60) not null,
    Amount      float        not null,
    Description nvarchar(1000),
    Status      int,
    IsPay       bit,
    PartnerId   int
)
    go

INSERT INTO websales.dbo.Orders (Id, CustomerId, OrderDate, Address, Amount, Description, Status, IsPay, PartnerId) VALUES (10, N'trinhtuanvu', N'2020-10-26 00:00:00.000', N'', 117.5, N'', 0, null, 3);
INSERT INTO websales.dbo.Orders (Id, CustomerId, OrderDate, Address, Amount, Description, Status, IsPay, PartnerId) VALUES (11, N'vuongha', N'2020-10-31 00:00:00.000', N'25 man thiện p.hiep phu quận 9', 91.8, N'<i><u style="background-color: rgb(51, 102, 153);"><font color="#6600ff">test</font></u></i>', 2, null, 3);
INSERT INTO websales.dbo.Orders (Id, CustomerId, OrderDate, Address, Amount, Description, Status, IsPay, PartnerId) VALUES (12, N'vuongha', N'2020-11-03 00:00:00.000', N'25 man thiện p.hiep phu quận 9', 214.2, N'<br>', 4, null, 3);
INSERT INTO websales.dbo.Orders (Id, CustomerId, OrderDate, Address, Amount, Description, Status, IsPay, PartnerId) VALUES (13, N'tuanvu', N'2020-11-08 00:00:00.000', N'25 man thiện', 12.5, N'', 1, 1, 3);
INSERT INTO websales.dbo.Orders (Id, CustomerId, OrderDate, Address, Amount, Description, Status, IsPay, PartnerId) VALUES (14, N'tuanvu', N'2020-11-08 00:00:00.000', N'25 man thiện', 33.9, N'test', 0, 1, 3);
INSERT INTO websales.dbo.Orders (Id, CustomerId, OrderDate, Address, Amount, Description, Status, IsPay, PartnerId) VALUES (15, N'tuanvu', N'2020-11-14 00:00:00.000', N'25 man thiện', 98.9, N'', 1, 1, 3);
INSERT INTO websales.dbo.Orders (Id, CustomerId, OrderDate, Address, Amount, Description, Status, IsPay, PartnerId) VALUES (16, N'tuanvu', N'2022-03-02 00:00:00.000', N'binh phuoc', 15.5, N'', 1, 1, 3);
INSERT INTO websales.dbo.Orders (Id, CustomerId, OrderDate, Address, Amount, Description, Status, IsPay, PartnerId) VALUES (17, N'hien123', N'2022-03-02 00:00:00.000', N'28/28 Văn Chung Q .Tân Bình', 194.5, N'giao thứ 7', 0, 1, 3);
INSERT INTO websales.dbo.Orders (Id, CustomerId, OrderDate, Address, Amount, Description, Status, IsPay, PartnerId) VALUES (18, N'hien123', N'2022-03-02 00:00:00.000', N'25 man thiện p.hiep phu quận 9', 19, N'', 1, 1, 3);
INSERT INTO websales.dbo.Orders (Id, CustomerId, OrderDate, Address, Amount, Description, Status, IsPay, PartnerId) VALUES (19, N'vutt47', N'2023-04-18 00:00:00.000', N'binh phuoc', 15, N'', 1, 1, 3);
INSERT INTO websales.dbo.Orders (Id, CustomerId, OrderDate, Address, Amount, Description, Status, IsPay, PartnerId) VALUES (1019, N'vutt47', N'2023-04-22 00:00:00.000', N'số nhà 25', 120, N'', 1, 1, 3);
INSERT INTO websales.dbo.Orders (Id, CustomerId, OrderDate, Address, Amount, Description, Status, IsPay, PartnerId) VALUES (1022, N'vutt47', N'2023-04-22 00:00:00.000', N'binh phuoc', 58.9, N'', 1, null, 3);
INSERT INTO websales.dbo.Orders (Id, CustomerId, OrderDate, Address, Amount, Description, Status, IsPay, PartnerId) VALUES (1023, N'vutt47', N'2023-04-22 00:00:00.000', N'Hà Nội', 63.3, N'', 1, null, 3);
INSERT INTO websales.dbo.Orders (Id, CustomerId, OrderDate, Address, Amount, Description, Status, IsPay, PartnerId) VALUES (1024, N'vutt47', N'2023-04-22 00:00:00.000', N'binh phuoc', 199.2, N'', 1, null, 3);
INSERT INTO websales.dbo.Orders (Id, CustomerId, OrderDate, Address, Amount, Description, Status, IsPay, PartnerId) VALUES (1025, N'vutt47', N'2023-04-22 00:00:00.000', N'binh phuoc', 199.2, N'', 1, null, 3);
INSERT INTO websales.dbo.Orders (Id, CustomerId, OrderDate, Address, Amount, Description, Status, IsPay, PartnerId) VALUES (1026, N'vutt47', N'2023-04-22 00:00:00.000', N'Hà Nội', -54.5, N'thanh toán đơn hàng', 1, null, 3);
INSERT INTO websales.dbo.Orders (Id, CustomerId, OrderDate, Address, Amount, Description, Status, IsPay, PartnerId) VALUES (1027, N'vutt47', N'2023-04-22 00:00:00.000', N'Hà Nội', 28, N'', 1, null, 4);
INSERT INTO websales.dbo.Orders (Id, CustomerId, OrderDate, Address, Amount, Description, Status, IsPay, PartnerId) VALUES (1028, N'vutt47', N'2023-04-22 00:00:00.000', N'số nhà 25', 63.5, N'', 1, null, 3);
INSERT INTO websales.dbo.Orders (Id, CustomerId, OrderDate, Address, Amount, Description, Status, IsPay, PartnerId) VALUES (1029, N'vutt47', N'2023-04-22 00:00:00.000', N'Hồ Chí Minh', 111.5, N'', 1, null, 3);
INSERT INTO websales.dbo.Orders (Id, CustomerId, OrderDate, Address, Amount, Description, Status, IsPay, PartnerId) VALUES (1030, N'vutt47', N'2023-04-22 00:00:00.000', N'Hà Nội', 50, N'', 1, null, 3);
INSERT INTO websales.dbo.Orders (Id, CustomerId, OrderDate, Address, Amount, Description, Status, IsPay, PartnerId) VALUES (1031, N'vutt47', N'2023-04-22 00:00:00.000', N'bInhf Phước', 11100000, N'', 1, null, 3);
INSERT INTO websales.dbo.Orders (Id, CustomerId, OrderDate, Address, Amount, Description, Status, IsPay, PartnerId) VALUES (1032, N'vutt47', N'2023-04-22 00:00:00.000', N'TP HCM', 11100000, N'thanh toan don hang', 1, null, 3);
INSERT INTO websales.dbo.Orders (Id, CustomerId, OrderDate, Address, Amount, Description, Status, IsPay, PartnerId) VALUES (1033, N'vutt47', N'2023-04-22 00:00:00.000', N'TP HCM', 11100000, N'thanh toan don hang', 1, null, 3);
INSERT INTO websales.dbo.Orders (Id, CustomerId, OrderDate, Address, Amount, Description, Status, IsPay, PartnerId) VALUES (1034, N'vutt47', N'2023-04-22 00:00:00.000', N'Hà Nội', 32000000, N'test vnpay', 1, null, 3);
INSERT INTO websales.dbo.Orders (Id, CustomerId, OrderDate, Address, Amount, Description, Status, IsPay, PartnerId) VALUES (1035, N'vutt47', N'2023-04-22 00:00:00.000', N'Ho Chi Minh', 32000000, N'thanh toan don hang', 1, null, 3);
INSERT INTO websales.dbo.Orders (Id, CustomerId, OrderDate, Address, Amount, Description, Status, IsPay, PartnerId) VALUES (1036, N'vutt47', N'2023-04-22 00:00:00.000', N'Ho Chi Minh', 32000000, N'thanh toan don hang', 1, null, 4);
INSERT INTO websales.dbo.Orders (Id, CustomerId, OrderDate, Address, Amount, Description, Status, IsPay, PartnerId) VALUES (1037, N'vutt47', N'2023-04-22 00:00:00.000', N'Hồ Chí Minh', 500000, N'thanh toan don hang', 1, null, 3);
INSERT INTO websales.dbo.Orders (Id, CustomerId, OrderDate, Address, Amount, Description, Status, IsPay, PartnerId) VALUES (1038, N'vutt47', N'2023-04-22 00:00:00.000', N'Hồ Chí Minh', 500000, N'thanh toan don hang', 1, null, 3);
INSERT INTO websales.dbo.Orders (Id, CustomerId, OrderDate, Address, Amount, Description, Status, IsPay, PartnerId) VALUES (1039, N'vutt47', N'2023-04-23 00:00:00.000', N'binh phuoc', 1500000, N'', 1, null, 3);
INSERT INTO websales.dbo.Orders (Id, CustomerId, OrderDate, Address, Amount, Description, Status, IsPay, PartnerId) VALUES (1040, N'vutt47', N'2023-04-23 00:00:00.000', N'Hồ Chí Minh', 2300000, N'', 1, null, 3);
INSERT INTO websales.dbo.Orders (Id, CustomerId, OrderDate, Address, Amount, Description, Status, IsPay, PartnerId) VALUES (1041, N'vutt47', N'2023-04-23 00:00:00.000', N'Hồ Chí Minh', 21300000, N'', 1, null, 3);
INSERT INTO websales.dbo.Orders (Id, CustomerId, OrderDate, Address, Amount, Description, Status, IsPay, PartnerId) VALUES (1042, N'vutt47', N'2023-04-23 00:00:00.000', N'binh phuoc', 2400000, N'', 1, null, 3);
INSERT INTO websales.dbo.Orders (Id, CustomerId, OrderDate, Address, Amount, Description, Status, IsPay, PartnerId) VALUES (1043, N'vutt47', N'2023-04-23 00:00:00.000', N'số nhà 25', 6100000, N'', 1, null, 3);
INSERT INTO websales.dbo.Orders (Id, CustomerId, OrderDate, Address, Amount, Description, Status, IsPay, PartnerId) VALUES (1044, N'vutt47', N'2023-04-23 00:00:00.000', N'Ho Chi Minh', 1200000, N'thanh toan don hang', 1, null, 3);
INSERT INTO websales.dbo.Orders (Id, CustomerId, OrderDate, Address, Amount, Description, Status, IsPay, PartnerId) VALUES (1045, N'vutt47', N'2023-04-23 00:00:00.000', N'Hà Nội', 2900000, N'mua don hang websales', 1, null, 3);
INSERT INTO websales.dbo.Orders (Id, CustomerId, OrderDate, Address, Amount, Description, Status, IsPay, PartnerId) VALUES (1046, N'vutt50', N'2023-04-23 00:00:00.000', N'số nhà 25', 4400000, N'', 1, null, 4);
INSERT INTO websales.dbo.Orders (Id, CustomerId, OrderDate, Address, Amount, Description, Status, IsPay, PartnerId) VALUES (1047, N'vutt50', N'2023-04-23 00:00:00.000', N'Hồ Chí Minh', 2400000, N'', 1, null, 3);
INSERT INTO websales.dbo.Orders (Id, CustomerId, OrderDate, Address, Amount, Description, Status, IsPay, PartnerId) VALUES (1048, N'vutt50', N'2023-04-23 00:00:00.000', N'Hà Nội', 2000000, N'', 1, null, 3);
INSERT INTO websales.dbo.Orders (Id, CustomerId, OrderDate, Address, Amount, Description, Status, IsPay, PartnerId) VALUES (1049, N'vutt50', N'2023-04-23 00:00:00.000', N'binh phuoc', 26100000, N'', 1, null, 3);
INSERT INTO websales.dbo.Orders (Id, CustomerId, OrderDate, Address, Amount, Description, Status, IsPay, PartnerId) VALUES (1050, N'vutt50', N'2023-04-23 00:00:00.000', N'Hà Nội', 2430000, N'', 1, null, 3);
INSERT INTO websales.dbo.Orders (Id, CustomerId, OrderDate, Address, Amount, Description, Status, IsPay, PartnerId) VALUES (1051, N'vutt50', N'2023-04-23 00:00:00.000', N'Ho Chi Minh', 1750000, N'', 1, null, 3);
INSERT INTO websales.dbo.Orders (Id, CustomerId, OrderDate, Address, Amount, Description, Status, IsPay, PartnerId) VALUES (1052, N'vutt50', N'2023-04-23 00:00:00.000', N'Hồ Chí Minh', 2450000, N'', 1, null, 3);
INSERT INTO websales.dbo.Orders (Id, CustomerId, OrderDate, Address, Amount, Description, Status, IsPay, PartnerId) VALUES (1053, N'vutt50', N'2023-04-23 00:00:00.000', N'Hà Nội', 2000000, N'<br>', 0, null, null);
INSERT INTO websales.dbo.Orders (Id, CustomerId, OrderDate, Address, Amount, Description, Status, IsPay, PartnerId) VALUES (1054, N'vutt51', N'2023-04-24 00:00:00.000', N'binh phuoc', 37100000, N'thanh toan don hang', 1, null, 4);
INSERT INTO websales.dbo.Orders (Id, CustomerId, OrderDate, Address, Amount, Description, Status, IsPay, PartnerId) VALUES (1055, N'vutt51', N'2023-04-24 00:00:00.000', N'Hà Nội', 45400000, N'thanh toan don hang', 0, null, null);



use websales
go

create table OrderDetails
(
    Id        int identity
        constraint PK_OrderDetails
        primary key,
    OrderId   int   not null,
    ProductId int   not null,
    UnitPrice float not null,
    Quantity  int   not null,
    Discount  float not null
)
    go

INSERT INTO websales.dbo.OrderDetails (Id, OrderId, ProductId, UnitPrice, Quantity, Discount) VALUES (1, 8, 1016, 17.45, 1, 0);
INSERT INTO websales.dbo.OrderDetails (Id, OrderId, ProductId, UnitPrice, Quantity, Discount) VALUES (2, 9, 1044, 19.45, 1, 0);
INSERT INTO websales.dbo.OrderDetails (Id, OrderId, ProductId, UnitPrice, Quantity, Discount) VALUES (3, 9, 1003, 10, 1, 0);
INSERT INTO websales.dbo.OrderDetails (Id, OrderId, ProductId, UnitPrice, Quantity, Discount) VALUES (4, 10, 1043, 46, 1, 0);
INSERT INTO websales.dbo.OrderDetails (Id, OrderId, ProductId, UnitPrice, Quantity, Discount) VALUES (5, 10, 1076, 18, 1, 0);
INSERT INTO websales.dbo.OrderDetails (Id, OrderId, ProductId, UnitPrice, Quantity, Discount) VALUES (6, 10, 1069, 36, 1, 0);
INSERT INTO websales.dbo.OrderDetails (Id, OrderId, ProductId, UnitPrice, Quantity, Discount) VALUES (7, 10, 1071, 21.5, 1, 0);
INSERT INTO websales.dbo.OrderDetails (Id, OrderId, ProductId, UnitPrice, Quantity, Discount) VALUES (8, 11, 1072, 34.8, 1, 0);
INSERT INTO websales.dbo.OrderDetails (Id, OrderId, ProductId, UnitPrice, Quantity, Discount) VALUES (9, 11, 1043, 46, 1, 0);
INSERT INTO websales.dbo.OrderDetails (Id, OrderId, ProductId, UnitPrice, Quantity, Discount) VALUES (10, 11, 1067, 14, 1, 0);
INSERT INTO websales.dbo.OrderDetails (Id, OrderId, ProductId, UnitPrice, Quantity, Discount) VALUES (11, 12, 1001, 190, 1, 0);
INSERT INTO websales.dbo.OrderDetails (Id, OrderId, ProductId, UnitPrice, Quantity, Discount) VALUES (12, 12, 1019, 9.2, 1, 0);
INSERT INTO websales.dbo.OrderDetails (Id, OrderId, ProductId, UnitPrice, Quantity, Discount) VALUES (13, 12, 1021, 10, 1, 8);
INSERT INTO websales.dbo.OrderDetails (Id, OrderId, ProductId, UnitPrice, Quantity, Discount) VALUES (14, 13, 1024, 4.5, 3, 0);
INSERT INTO websales.dbo.OrderDetails (Id, OrderId, ProductId, UnitPrice, Quantity, Discount) VALUES (15, 14, 1016, 17.45, 2, 0);
INSERT INTO websales.dbo.OrderDetails (Id, OrderId, ProductId, UnitPrice, Quantity, Discount) VALUES (16, 15, 1059, 55, 1, 0);
INSERT INTO websales.dbo.OrderDetails (Id, OrderId, ProductId, UnitPrice, Quantity, Discount) VALUES (17, 15, 1027, 43.9, 1, 2);
INSERT INTO websales.dbo.OrderDetails (Id, OrderId, ProductId, UnitPrice, Quantity, Discount) VALUES (18, 16, 1015, 15.5, 1, 0);
INSERT INTO websales.dbo.OrderDetails (Id, OrderId, ProductId, UnitPrice, Quantity, Discount) VALUES (19, 17, 1044, 19.45, 10, 0);
INSERT INTO websales.dbo.OrderDetails (Id, OrderId, ProductId, UnitPrice, Quantity, Discount) VALUES (20, 18, 1081, 19, 1, 0);
INSERT INTO websales.dbo.OrderDetails (Id, OrderId, ProductId, UnitPrice, Quantity, Discount) VALUES (21, 19, 1070, 15, 1, 0);
INSERT INTO websales.dbo.OrderDetails (Id, OrderId, ProductId, UnitPrice, Quantity, Discount) VALUES (1021, 1019, 1001, 190, 1, 0);
INSERT INTO websales.dbo.OrderDetails (Id, OrderId, ProductId, UnitPrice, Quantity, Discount) VALUES (1022, 1019, 1021, 10, 1, 8);
INSERT INTO websales.dbo.OrderDetails (Id, OrderId, ProductId, UnitPrice, Quantity, Discount) VALUES (1023, 1022, 1063, 43.9, 1, 0);
INSERT INTO websales.dbo.OrderDetails (Id, OrderId, ProductId, UnitPrice, Quantity, Discount) VALUES (1024, 1022, 1070, 15, 1, 0);
INSERT INTO websales.dbo.OrderDetails (Id, OrderId, ProductId, UnitPrice, Quantity, Discount) VALUES (1025, 1023, 1062, 49.3, 1, 0);
INSERT INTO websales.dbo.OrderDetails (Id, OrderId, ProductId, UnitPrice, Quantity, Discount) VALUES (1026, 1023, 1034, 14, 1, 0);
INSERT INTO websales.dbo.OrderDetails (Id, OrderId, ProductId, UnitPrice, Quantity, Discount) VALUES (1027, 1024, 1001, 190, 1, 0);
INSERT INTO websales.dbo.OrderDetails (Id, OrderId, ProductId, UnitPrice, Quantity, Discount) VALUES (1028, 1024, 1019, 9.2, 1, 0);
INSERT INTO websales.dbo.OrderDetails (Id, OrderId, ProductId, UnitPrice, Quantity, Discount) VALUES (1029, 1025, 1001, 190, 1, 0);
INSERT INTO websales.dbo.OrderDetails (Id, OrderId, ProductId, UnitPrice, Quantity, Discount) VALUES (1030, 1025, 1019, 9.2, 1, 0);
INSERT INTO websales.dbo.OrderDetails (Id, OrderId, ProductId, UnitPrice, Quantity, Discount) VALUES (1031, 1026, 1015, 15.5, 1, 0);
INSERT INTO websales.dbo.OrderDetails (Id, OrderId, ProductId, UnitPrice, Quantity, Discount) VALUES (1032, 1026, 1021, 10, 1, 8);
INSERT INTO websales.dbo.OrderDetails (Id, OrderId, ProductId, UnitPrice, Quantity, Discount) VALUES (1033, 1027, 1034, 14, 1, 0);
INSERT INTO websales.dbo.OrderDetails (Id, OrderId, ProductId, UnitPrice, Quantity, Discount) VALUES (1034, 1027, 1067, 14, 1, 0);
INSERT INTO websales.dbo.OrderDetails (Id, OrderId, ProductId, UnitPrice, Quantity, Discount) VALUES (1035, 1028, 1032, 32, 1, 0);
INSERT INTO websales.dbo.OrderDetails (Id, OrderId, ProductId, UnitPrice, Quantity, Discount) VALUES (1036, 1028, 1081, 19, 1, 0);
INSERT INTO websales.dbo.OrderDetails (Id, OrderId, ProductId, UnitPrice, Quantity, Discount) VALUES (1037, 1028, 1068, 12.5, 1, 0);
INSERT INTO websales.dbo.OrderDetails (Id, OrderId, ProductId, UnitPrice, Quantity, Discount) VALUES (1038, 1029, 1025, 14, 1, 0);
INSERT INTO websales.dbo.OrderDetails (Id, OrderId, ProductId, UnitPrice, Quantity, Discount) VALUES (1039, 1029, 1060, 34, 1, 0);
INSERT INTO websales.dbo.OrderDetails (Id, OrderId, ProductId, UnitPrice, Quantity, Discount) VALUES (1040, 1029, 1032, 32, 1, 0);
INSERT INTO websales.dbo.OrderDetails (Id, OrderId, ProductId, UnitPrice, Quantity, Discount) VALUES (1041, 1029, 1081, 19, 1, 0);
INSERT INTO websales.dbo.OrderDetails (Id, OrderId, ProductId, UnitPrice, Quantity, Discount) VALUES (1042, 1029, 1068, 12.5, 1, 0);
INSERT INTO websales.dbo.OrderDetails (Id, OrderId, ProductId, UnitPrice, Quantity, Discount) VALUES (1043, 1030, 1076, 18, 1, 0);
INSERT INTO websales.dbo.OrderDetails (Id, OrderId, ProductId, UnitPrice, Quantity, Discount) VALUES (1044, 1030, 1032, 32, 1, 0);
INSERT INTO websales.dbo.OrderDetails (Id, OrderId, ProductId, UnitPrice, Quantity, Discount) VALUES (1045, 1031, 1033, 1100000, 1, 0);
INSERT INTO websales.dbo.OrderDetails (Id, OrderId, ProductId, UnitPrice, Quantity, Discount) VALUES (1046, 1031, 1006, 10000000, 1, 0);
INSERT INTO websales.dbo.OrderDetails (Id, OrderId, ProductId, UnitPrice, Quantity, Discount) VALUES (1047, 1032, 1033, 1100000, 1, 0);
INSERT INTO websales.dbo.OrderDetails (Id, OrderId, ProductId, UnitPrice, Quantity, Discount) VALUES (1048, 1032, 1006, 10000000, 1, 0);
INSERT INTO websales.dbo.OrderDetails (Id, OrderId, ProductId, UnitPrice, Quantity, Discount) VALUES (1049, 1033, 1033, 1100000, 1, 0);
INSERT INTO websales.dbo.OrderDetails (Id, OrderId, ProductId, UnitPrice, Quantity, Discount) VALUES (1050, 1033, 1006, 10000000, 1, 0);
INSERT INTO websales.dbo.OrderDetails (Id, OrderId, ProductId, UnitPrice, Quantity, Discount) VALUES (1051, 1034, 1066, 17000000, 1, 0);
INSERT INTO websales.dbo.OrderDetails (Id, OrderId, ProductId, UnitPrice, Quantity, Discount) VALUES (1052, 1034, 1003, 15000000, 1, 0);
INSERT INTO websales.dbo.OrderDetails (Id, OrderId, ProductId, UnitPrice, Quantity, Discount) VALUES (1053, 1035, 1066, 17000000, 1, 0);
INSERT INTO websales.dbo.OrderDetails (Id, OrderId, ProductId, UnitPrice, Quantity, Discount) VALUES (1054, 1035, 1003, 15000000, 1, 0);
INSERT INTO websales.dbo.OrderDetails (Id, OrderId, ProductId, UnitPrice, Quantity, Discount) VALUES (1055, 1036, 1066, 17000000, 1, 0);
INSERT INTO websales.dbo.OrderDetails (Id, OrderId, ProductId, UnitPrice, Quantity, Discount) VALUES (1056, 1036, 1003, 15000000, 1, 0);
INSERT INTO websales.dbo.OrderDetails (Id, OrderId, ProductId, UnitPrice, Quantity, Discount) VALUES (1057, 1037, 1012, 1000000, 1, 0.5);
INSERT INTO websales.dbo.OrderDetails (Id, OrderId, ProductId, UnitPrice, Quantity, Discount) VALUES (1058, 1038, 1012, 1000000, 1, 0.5);
INSERT INTO websales.dbo.OrderDetails (Id, OrderId, ProductId, UnitPrice, Quantity, Discount) VALUES (1059, 1039, 1071, 1500000, 1, 0);
INSERT INTO websales.dbo.OrderDetails (Id, OrderId, ProductId, UnitPrice, Quantity, Discount) VALUES (1060, 1040, 1072, 500000, 1, 0);
INSERT INTO websales.dbo.OrderDetails (Id, OrderId, ProductId, UnitPrice, Quantity, Discount) VALUES (1061, 1040, 1016, 400000, 1, 0);
INSERT INTO websales.dbo.OrderDetails (Id, OrderId, ProductId, UnitPrice, Quantity, Discount) VALUES (1062, 1040, 1050, 1400000, 1, 0);
INSERT INTO websales.dbo.OrderDetails (Id, OrderId, ProductId, UnitPrice, Quantity, Discount) VALUES (1063, 1041, 1004, 21000000, 1, 0);
INSERT INTO websales.dbo.OrderDetails (Id, OrderId, ProductId, UnitPrice, Quantity, Discount) VALUES (1064, 1041, 1038, 300000, 1, 0);
INSERT INTO websales.dbo.OrderDetails (Id, OrderId, ProductId, UnitPrice, Quantity, Discount) VALUES (1065, 1042, 1076, 2000000, 1, 0);
INSERT INTO websales.dbo.OrderDetails (Id, OrderId, ProductId, UnitPrice, Quantity, Discount) VALUES (1066, 1042, 1016, 400000, 1, 0);
INSERT INTO websales.dbo.OrderDetails (Id, OrderId, ProductId, UnitPrice, Quantity, Discount) VALUES (1067, 1043, 1008, 4000000, 1, 0);
INSERT INTO websales.dbo.OrderDetails (Id, OrderId, ProductId, UnitPrice, Quantity, Discount) VALUES (1068, 1043, 1048, 2100000, 1, 0);
INSERT INTO websales.dbo.OrderDetails (Id, OrderId, ProductId, UnitPrice, Quantity, Discount) VALUES (1069, 1044, 1043, 900000, 1, 0);
INSERT INTO websales.dbo.OrderDetails (Id, OrderId, ProductId, UnitPrice, Quantity, Discount) VALUES (1070, 1044, 1038, 300000, 1, 0);
INSERT INTO websales.dbo.OrderDetails (Id, OrderId, ProductId, UnitPrice, Quantity, Discount) VALUES (1071, 1045, 1050, 1400000, 1, 0);
INSERT INTO websales.dbo.OrderDetails (Id, OrderId, ProductId, UnitPrice, Quantity, Discount) VALUES (1072, 1045, 1071, 1500000, 1, 0);
INSERT INTO websales.dbo.OrderDetails (Id, OrderId, ProductId, UnitPrice, Quantity, Discount) VALUES (1073, 1046, 1008, 4000000, 1, 0);
INSERT INTO websales.dbo.OrderDetails (Id, OrderId, ProductId, UnitPrice, Quantity, Discount) VALUES (1074, 1046, 1016, 400000, 1, 0);
INSERT INTO websales.dbo.OrderDetails (Id, OrderId, ProductId, UnitPrice, Quantity, Discount) VALUES (1075, 1047, 1019, 600000, 4, 0);
INSERT INTO websales.dbo.OrderDetails (Id, OrderId, ProductId, UnitPrice, Quantity, Discount) VALUES (1076, 1048, 1070, 2000000, 1, 0);
INSERT INTO websales.dbo.OrderDetails (Id, OrderId, ProductId, UnitPrice, Quantity, Discount) VALUES (1077, 1049, 1044, 3100000, 1, 0);
INSERT INTO websales.dbo.OrderDetails (Id, OrderId, ProductId, UnitPrice, Quantity, Discount) VALUES (1078, 1049, 1063, 23000000, 1, 0);
INSERT INTO websales.dbo.OrderDetails (Id, OrderId, ProductId, UnitPrice, Quantity, Discount) VALUES (1079, 1050, 1024, 1000000, 1, 0);
INSERT INTO websales.dbo.OrderDetails (Id, OrderId, ProductId, UnitPrice, Quantity, Discount) VALUES (1080, 1050, 1049, 1430000, 1, 0);
INSERT INTO websales.dbo.OrderDetails (Id, OrderId, ProductId, UnitPrice, Quantity, Discount) VALUES (1081, 1051, 1021, 2500000, 1, 0.3);
INSERT INTO websales.dbo.OrderDetails (Id, OrderId, ProductId, UnitPrice, Quantity, Discount) VALUES (1082, 1052, 1031, 1250000, 1, 0);
INSERT INTO websales.dbo.OrderDetails (Id, OrderId, ProductId, UnitPrice, Quantity, Discount) VALUES (1083, 1052, 1069, 1200000, 1, 0);
INSERT INTO websales.dbo.OrderDetails (Id, OrderId, ProductId, UnitPrice, Quantity, Discount) VALUES (1084, 1053, 1072, 500000, 1, 0);
INSERT INTO websales.dbo.OrderDetails (Id, OrderId, ProductId, UnitPrice, Quantity, Discount) VALUES (1085, 1053, 1075, 1500000, 1, 0);
INSERT INTO websales.dbo.OrderDetails (Id, OrderId, ProductId, UnitPrice, Quantity, Discount) VALUES (1086, 1054, 1088, 35000000, 1, 0);
INSERT INTO websales.dbo.OrderDetails (Id, OrderId, ProductId, UnitPrice, Quantity, Discount) VALUES (1087, 1054, 1039, 2100000, 1, 0);
INSERT INTO websales.dbo.OrderDetails (Id, OrderId, ProductId, UnitPrice, Quantity, Discount) VALUES (1088, 1055, 1063, 23000000, 1, 0);
INSERT INTO websales.dbo.OrderDetails (Id, OrderId, ProductId, UnitPrice, Quantity, Discount) VALUES (1089, 1055, 1067, 1400000, 1, 0);
INSERT INTO websales.dbo.OrderDetails (Id, OrderId, ProductId, UnitPrice, Quantity, Discount) VALUES (1090, 1055, 1004, 21000000, 1, 0);


use websales
go

create table Transactions
(
    id                       int identity,
    created_by               varchar(255),
    created_date             varchar(255),
    modified_by              varchar(255),
    modified_date            varchar(255),
    state                    varchar(255),
    amount                   varchar(255),
    bank_code                varchar(255),
    bank_transaction_id      varchar(255),
    card_no                  varchar(255),
    card_type                varchar(255),
    client_invoice_id        varchar(255),
    currency_code            varchar(255),
    description              nvarchar(255),
    partner_status           varchar(255),
    partner_transaction_date varchar(255),
    partner_transaction_id   varchar(255),
    status                   varchar(255),
    transaction_id           varchar(255),
    username                 varchar(255),
    partner_id               int,
    location                 varchar(255)
)
    go

create unique index Transactions_id_uindex
    on Transactions (id)
go

INSERT INTO websales.dbo.Transactions (id, created_by, created_date, modified_by, modified_date, state, amount, bank_code, bank_transaction_id, card_no, card_type, client_invoice_id, currency_code, description, partner_status, partner_transaction_date, partner_transaction_id, status, transaction_id, username, partner_id, location) VALUES (28, N'system', N'2023-04-23T09:17:57.061', null, N'2023-04-23T09:17:57.061', N'ACTIVE', N'21300000', null, null, null, null, N'VNPAY55679', N'VND', N'Thanh toán đơn hàng', null, null, null, N'NEW', N'VNPAY55679', N'vutt47', 3, N'vi');
INSERT INTO websales.dbo.Transactions (id, created_by, created_date, modified_by, modified_date, state, amount, bank_code, bank_transaction_id, card_no, card_type, client_invoice_id, currency_code, description, partner_status, partner_transaction_date, partner_transaction_id, status, transaction_id, username, partner_id, location) VALUES (29, N'system', N'2023-04-23T09:19:29.006', null, N'2023-04-23T09:19:29.006', N'ACTIVE', N'21300000', N'NCB', N'VNP13996781', null, N'ATM', N'VNPAY55679', N'VND', N'Thanh toán đơn hàng', N'00', N'2023-04-23T09:19:09', N'13996781', N'SUCCESS', N'VNPAY55679', N'vutt47', 3, N'vi');
INSERT INTO websales.dbo.Transactions (id, created_by, created_date, modified_by, modified_date, state, amount, bank_code, bank_transaction_id, card_no, card_type, client_invoice_id, currency_code, description, partner_status, partner_transaction_date, partner_transaction_id, status, transaction_id, username, partner_id, location) VALUES (30, N'system', N'2023-04-23T09:37:18.555', null, N'2023-04-23T09:37:18.555', N'ACTIVE', N'21300000', N'NCB', N'VNP13996781', null, N'ATM', N'VNPAY55679', N'VND', N'Thanh toán đơn hàng', N'00', N'2023-04-23T09:19:09', N'13996781', N'SUCCESS', N'VNPAY55679', N'vutt47', 3, N'vi');
INSERT INTO websales.dbo.Transactions (id, created_by, created_date, modified_by, modified_date, state, amount, bank_code, bank_transaction_id, card_no, card_type, client_invoice_id, currency_code, description, partner_status, partner_transaction_date, partner_transaction_id, status, transaction_id, username, partner_id, location) VALUES (31, N'system', N'2023-04-23T09:39:03.610', null, N'2023-04-23T09:39:03.610', N'ACTIVE', N'21300000', N'NCB', N'VNP13996781', null, N'ATM', N'VNPAY55679', N'VND', N'Thanh toán đơn hàng', N'00', N'2023-04-23T09:19:09', N'13996781', N'SUCCESS', N'VNPAY55679', N'vutt47', 3, N'vi');
INSERT INTO websales.dbo.Transactions (id, created_by, created_date, modified_by, modified_date, state, amount, bank_code, bank_transaction_id, card_no, card_type, client_invoice_id, currency_code, description, partner_status, partner_transaction_date, partner_transaction_id, status, transaction_id, username, partner_id, location) VALUES (32, N'system', N'2023-04-23T09:40:55.387', null, N'2023-04-23T09:40:55.387', N'ACTIVE', N'21300000', N'NCB', N'VNP13996781', null, N'ATM', N'VNPAY55679', N'VND', N'Thanh toán đơn hàng', N'00', N'2023-04-23T09:19:09', N'13996781', N'SUCCESS', N'VNPAY55679', N'vutt47', 3, N'vi');
INSERT INTO websales.dbo.Transactions (id, created_by, created_date, modified_by, modified_date, state, amount, bank_code, bank_transaction_id, card_no, card_type, client_invoice_id, currency_code, description, partner_status, partner_transaction_date, partner_transaction_id, status, transaction_id, username, partner_id, location) VALUES (33, N'system', N'2023-04-23T09:47:45.775', null, N'2023-04-23T09:47:45.775', N'ACTIVE', N'21300000', N'NCB', N'VNP13996781', null, N'ATM', N'VNPAY55679', N'VND', N'Thanh toán đơn hàng', N'00', N'2023-04-23T09:19:09', N'13996781', N'SUCCESS', N'VNPAY55679', N'vutt47', 3, N'vi');
INSERT INTO websales.dbo.Transactions (id, created_by, created_date, modified_by, modified_date, state, amount, bank_code, bank_transaction_id, card_no, card_type, client_invoice_id, currency_code, description, partner_status, partner_transaction_date, partner_transaction_id, status, transaction_id, username, partner_id, location) VALUES (34, N'system', N'2023-04-23T09:58:12.690', null, N'2023-04-23T09:58:12.690', N'ACTIVE', N'21300000', N'NCB', N'VNP13996781', null, N'ATM', N'VNPAY55679', N'VND', N'Thanh toán đơn hàng', N'00', N'2023-04-23T09:19:09', N'13996781', N'SUCCESS', N'VNPAY55679', N'vutt47', 3, N'vi');
INSERT INTO websales.dbo.Transactions (id, created_by, created_date, modified_by, modified_date, state, amount, bank_code, bank_transaction_id, card_no, card_type, client_invoice_id, currency_code, description, partner_status, partner_transaction_date, partner_transaction_id, status, transaction_id, username, partner_id, location) VALUES (35, N'system', N'2023-04-23T10:03:46.756', null, N'2023-04-23T10:03:46.756', N'ACTIVE', N'21300000', N'NCB', N'VNP13996781', null, N'ATM', N'VNPAY55679', N'VND', N'Thanh toán đơn hàng', N'00', N'2023-04-23T09:19:09', N'13996781', N'SUCCESS', N'VNPAY55679', N'vutt47', 3, N'vi');
INSERT INTO websales.dbo.Transactions (id, created_by, created_date, modified_by, modified_date, state, amount, bank_code, bank_transaction_id, card_no, card_type, client_invoice_id, currency_code, description, partner_status, partner_transaction_date, partner_transaction_id, status, transaction_id, username, partner_id, location) VALUES (36, N'system', N'2023-04-23T10:11:16.408', null, N'2023-04-23T10:11:16.408', N'ACTIVE', N'21300000', N'NCB', N'VNP13996781', null, N'ATM', N'VNPAY55679', N'VND', N'Thanh toán đơn hàng', N'00', N'2023-04-23T09:19:09', N'13996781', N'SUCCESS', N'VNPAY55679', N'vutt47', 3, N'vi');
INSERT INTO websales.dbo.Transactions (id, created_by, created_date, modified_by, modified_date, state, amount, bank_code, bank_transaction_id, card_no, card_type, client_invoice_id, currency_code, description, partner_status, partner_transaction_date, partner_transaction_id, status, transaction_id, username, partner_id, location) VALUES (37, N'system', N'2023-04-23T10:17:00.622', null, N'2023-04-23T10:17:00.622', N'ACTIVE', N'2400000', null, null, null, null, N'VNPAY28735', N'VND', N'Thanh toán đơn hàng', null, null, null, N'NEW', N'VNPAY28735', N'vutt47', 3, N'vi');
INSERT INTO websales.dbo.Transactions (id, created_by, created_date, modified_by, modified_date, state, amount, bank_code, bank_transaction_id, card_no, card_type, client_invoice_id, currency_code, description, partner_status, partner_transaction_date, partner_transaction_id, status, transaction_id, username, partner_id, location) VALUES (38, N'system', N'2023-04-23T10:17:45.394', null, N'2023-04-23T10:17:45.394', N'ACTIVE', N'2400000', N'NCB', N'VNP13996787', null, N'ATM', N'VNPAY28735', N'VND', N'Thanh toán đơn hàng', N'00', N'2023-04-23T10:17:38', N'13996787', N'SUCCESS', N'VNPAY28735', N'vutt47', 3, N'vi');
INSERT INTO websales.dbo.Transactions (id, created_by, created_date, modified_by, modified_date, state, amount, bank_code, bank_transaction_id, card_no, card_type, client_invoice_id, currency_code, description, partner_status, partner_transaction_date, partner_transaction_id, status, transaction_id, username, partner_id, location) VALUES (39, N'system', N'2023-04-23T10:20:31.506', null, N'2023-04-23T10:20:31.506', N'ACTIVE', N'6100000', null, null, null, null, N'VNPAY07100', N'VND', N'Thanh toán đơn hàng', null, null, null, N'NEW', N'VNPAY07100', N'vutt47', 3, N'vi');
INSERT INTO websales.dbo.Transactions (id, created_by, created_date, modified_by, modified_date, state, amount, bank_code, bank_transaction_id, card_no, card_type, client_invoice_id, currency_code, description, partner_status, partner_transaction_date, partner_transaction_id, status, transaction_id, username, partner_id, location) VALUES (40, N'system', N'2023-04-23T10:20:45.946', null, N'2023-04-23T10:20:45.946', N'ACTIVE', N'6100000', N'VNPAY', null, null, N'QRCODE', N'VNPAY07100', N'VND', N'Thanh toán đơn hàng', N'24', N'2023-04-23T10:20:45', N'0', N'FAIL', N'VNPAY07100', N'vutt47', 3, N'vi');
INSERT INTO websales.dbo.Transactions (id, created_by, created_date, modified_by, modified_date, state, amount, bank_code, bank_transaction_id, card_no, card_type, client_invoice_id, currency_code, description, partner_status, partner_transaction_date, partner_transaction_id, status, transaction_id, username, partner_id, location) VALUES (41, N'system', N'2023-04-23T10:36:53.108', null, N'2023-04-23T10:36:53.108', N'ACTIVE', N'6100000', N'VNPAY', null, null, N'QRCODE', N'VNPAY07100', N'VND', N'Thanh toán đơn hàng', N'24', N'2023-04-23T10:20:45', N'0', N'FAIL', N'VNPAY07100', N'vutt47', 3, N'vi');
INSERT INTO websales.dbo.Transactions (id, created_by, created_date, modified_by, modified_date, state, amount, bank_code, bank_transaction_id, card_no, card_type, client_invoice_id, currency_code, description, partner_status, partner_transaction_date, partner_transaction_id, status, transaction_id, username, partner_id, location) VALUES (42, N'system', N'2023-04-23T16:05:29.598', null, N'2023-04-23T16:05:29.598', N'ACTIVE', N'1200000', null, null, null, null, N'VNPAY70535', N'VND', N'thanh toan don hang', null, null, null, N'NEW', N'VNPAY70535', N'vutt47', 3, N'vi');
INSERT INTO websales.dbo.Transactions (id, created_by, created_date, modified_by, modified_date, state, amount, bank_code, bank_transaction_id, card_no, card_type, client_invoice_id, currency_code, description, partner_status, partner_transaction_date, partner_transaction_id, status, transaction_id, username, partner_id, location) VALUES (43, N'system', N'2023-04-23T16:06:55.363', null, N'2023-04-23T16:06:55.363', N'ACTIVE', N'1200000', N'VNPAY', null, null, N'QRCODE', N'VNPAY70535', N'VND', N'thanh toan don hang', N'24', N'2023-04-23T16:06:54', N'0', N'FAIL', N'VNPAY70535', N'vutt47', 3, N'vi');
INSERT INTO websales.dbo.Transactions (id, created_by, created_date, modified_by, modified_date, state, amount, bank_code, bank_transaction_id, card_no, card_type, client_invoice_id, currency_code, description, partner_status, partner_transaction_date, partner_transaction_id, status, transaction_id, username, partner_id, location) VALUES (44, N'system', N'2023-04-23T16:08:09.244', null, N'2023-04-23T16:08:09.244', N'ACTIVE', N'2900000', null, null, null, null, N'VNPAY87938', N'VND', N'mua don hang websales', null, null, null, N'NEW', N'VNPAY87938', N'vutt47', 3, N'vi');
INSERT INTO websales.dbo.Transactions (id, created_by, created_date, modified_by, modified_date, state, amount, bank_code, bank_transaction_id, card_no, card_type, client_invoice_id, currency_code, description, partner_status, partner_transaction_date, partner_transaction_id, status, transaction_id, username, partner_id, location) VALUES (45, N'system', N'2023-04-23T16:08:32.398', null, N'2023-04-23T16:08:32.398', N'ACTIVE', N'2900000', N'NCB', N'VNP13996862', null, N'ATM', N'VNPAY87938', N'VND', N'mua don hang websales', N'00', N'2023-04-23T16:08:24', N'13996862', N'SUCCESS', N'VNPAY87938', N'vutt47', 3, N'vi');
INSERT INTO websales.dbo.Transactions (id, created_by, created_date, modified_by, modified_date, state, amount, bank_code, bank_transaction_id, card_no, card_type, client_invoice_id, currency_code, description, partner_status, partner_transaction_date, partner_transaction_id, status, transaction_id, username, partner_id, location) VALUES (46, N'system', N'2023-04-23T21:57:44.951', null, N'2023-04-23T21:57:44.951', N'ACTIVE', N'2400000', null, null, null, null, N'VNPAY82684', N'VND', N'Thanh toán đơn hàng', null, null, null, N'NEW', N'VNPAY82684', N'vutt50', 3, N'vi');
INSERT INTO websales.dbo.Transactions (id, created_by, created_date, modified_by, modified_date, state, amount, bank_code, bank_transaction_id, card_no, card_type, client_invoice_id, currency_code, description, partner_status, partner_transaction_date, partner_transaction_id, status, transaction_id, username, partner_id, location) VALUES (62, N'system', N'2023-04-24T23:51:42.194', null, N'2023-04-24T23:51:42.194', N'ACTIVE', N'45400000', null, null, null, null, N'VNPAY89438', N'VND', N'thanh toan don hang', null, null, null, N'NEW', N'VNPAY89438', N'vutt51', 3, N'vi');
INSERT INTO websales.dbo.Transactions (id, created_by, created_date, modified_by, modified_date, state, amount, bank_code, bank_transaction_id, card_no, card_type, client_invoice_id, currency_code, description, partner_status, partner_transaction_date, partner_transaction_id, status, transaction_id, username, partner_id, location) VALUES (63, N'system', N'2023-04-24T23:52:29.273', null, N'2023-04-24T23:52:29.273', N'ACTIVE', N'45400000', N'NCB', N'VNP13997935', null, N'ATM', N'VNPAY89438', N'VND', N'thanh toan don hang', N'00', N'2023-04-24T23:52:23', N'13997935', N'SUCCESS', N'VNPAY89438', N'vutt51', 3, N'vi');
INSERT INTO websales.dbo.Transactions (id, created_by, created_date, modified_by, modified_date, state, amount, bank_code, bank_transaction_id, card_no, card_type, client_invoice_id, currency_code, description, partner_status, partner_transaction_date, partner_transaction_id, status, transaction_id, username, partner_id, location) VALUES (21, N'system', N'2023-04-22T22:35:05.872', null, N'2023-04-22T22:35:05.872', N'ACTIVE', N'500000', null, null, null, null, N'VNPAY78615', N'VND', N'thanh toan don hang', null, null, null, N'NEW', N'VNPAY78615', N'vutt47', 3, N'vi');
INSERT INTO websales.dbo.Transactions (id, created_by, created_date, modified_by, modified_date, state, amount, bank_code, bank_transaction_id, card_no, card_type, client_invoice_id, currency_code, description, partner_status, partner_transaction_date, partner_transaction_id, status, transaction_id, username, partner_id, location) VALUES (22, N'system', N'2023-04-22T22:36:00.441', null, N'2023-04-22T22:36:00.441', N'ACTIVE', N'18000000', null, null, null, null, N'VNPAY06924', N'VND', N'Thanh toán phí bảo hiểm đến hạn', null, null, null, N'NEW', N'VNPAY06924', N'vutt47', 3, N'vi');
INSERT INTO websales.dbo.Transactions (id, created_by, created_date, modified_by, modified_date, state, amount, bank_code, bank_transaction_id, card_no, card_type, client_invoice_id, currency_code, description, partner_status, partner_transaction_date, partner_transaction_id, status, transaction_id, username, partner_id, location) VALUES (23, N'system', N'2023-04-22T23:29:31.018', null, N'2023-04-22T23:29:31.018', N'ACTIVE', N'18000000', null, null, null, null, N'VNPAY47980', N'VND', N'Thanh toán phí bảo hiểm đến hạn', null, null, null, N'NEW', N'VNPAY47980', N'vutt47', 3, N'vi');
INSERT INTO websales.dbo.Transactions (id, created_by, created_date, modified_by, modified_date, state, amount, bank_code, bank_transaction_id, card_no, card_type, client_invoice_id, currency_code, description, partner_status, partner_transaction_date, partner_transaction_id, status, transaction_id, username, partner_id, location) VALUES (24, N'system', N'2023-04-23T00:14:20.981', null, N'2023-04-23T00:14:20.981', N'ACTIVE', N'18000000', null, null, null, null, N'VNPAY82795', N'VND', N'Thanh toán phí bảo hiểm đến hạn', null, null, null, N'NEW', N'VNPAY82795', N'vutt47', 3, N'vi');
INSERT INTO websales.dbo.Transactions (id, created_by, created_date, modified_by, modified_date, state, amount, bank_code, bank_transaction_id, card_no, card_type, client_invoice_id, currency_code, description, partner_status, partner_transaction_date, partner_transaction_id, status, transaction_id, username, partner_id, location) VALUES (25, N'system', N'2023-04-23T00:30:11.143', null, N'2023-04-23T00:30:11.143', N'ACTIVE', N'1500000', null, null, null, null, N'VNPAY71210', N'VND', N'', null, null, null, N'NEW', N'VNPAY71210', N'vutt47', 3, N'vi');
INSERT INTO websales.dbo.Transactions (id, created_by, created_date, modified_by, modified_date, state, amount, bank_code, bank_transaction_id, card_no, card_type, client_invoice_id, currency_code, description, partner_status, partner_transaction_date, partner_transaction_id, status, transaction_id, username, partner_id, location) VALUES (26, N'system', N'2023-04-23T00:34:48.655', null, N'2023-04-23T00:34:48.655', N'ACTIVE', N'2300000', null, null, null, null, N'VNPAY75029', N'VND', N'Thanh toán đơn hàng', null, null, null, N'NEW', N'VNPAY75029', N'vutt47', 3, N'vi');
INSERT INTO websales.dbo.Transactions (id, created_by, created_date, modified_by, modified_date, state, amount, bank_code, bank_transaction_id, card_no, card_type, client_invoice_id, currency_code, description, partner_status, partner_transaction_date, partner_transaction_id, status, transaction_id, username, partner_id, location) VALUES (27, N'system', N'2023-04-23T00:35:43.669', null, N'2023-04-23T00:35:43.669', N'ACTIVE', N'2300000', N'NCB', N'VNP13996730', null, N'ATM', N'VNPAY75029', N'VND', N'Thanh toán đơn hàng', N'00', N'2023-04-23T00:35:29', N'13996730', N'SUCCESS', N'VNPAY75029', N'vutt47', 3, N'vi');
INSERT INTO websales.dbo.Transactions (id, created_by, created_date, modified_by, modified_date, state, amount, bank_code, bank_transaction_id, card_no, card_type, client_invoice_id, currency_code, description, partner_status, partner_transaction_date, partner_transaction_id, status, transaction_id, username, partner_id, location) VALUES (47, N'system', N'2023-04-23T21:58:16.407', null, N'2023-04-23T21:58:16.407', N'ACTIVE', N'2400000', N'NCB', N'VNP13996990', null, N'ATM', N'VNPAY82684', N'VND', N'Thanh toán đơn hàng', N'00', N'2023-04-23T21:58:09', N'13996990', N'SUCCESS', N'VNPAY82684', N'vutt50', 3, N'vi');
INSERT INTO websales.dbo.Transactions (id, created_by, created_date, modified_by, modified_date, state, amount, bank_code, bank_transaction_id, card_no, card_type, client_invoice_id, currency_code, description, partner_status, partner_transaction_date, partner_transaction_id, status, transaction_id, username, partner_id, location) VALUES (48, N'system', N'2023-04-23T21:59:32.639', null, N'2023-04-23T21:59:32.639', N'ACTIVE', N'2000000', null, null, null, null, N'VNPAY59199', N'VND', N'Thanh toán đơn hàng', null, null, null, N'NEW', N'VNPAY59199', N'vutt50', 3, N'vi');
INSERT INTO websales.dbo.Transactions (id, created_by, created_date, modified_by, modified_date, state, amount, bank_code, bank_transaction_id, card_no, card_type, client_invoice_id, currency_code, description, partner_status, partner_transaction_date, partner_transaction_id, status, transaction_id, username, partner_id, location) VALUES (49, N'system', N'2023-04-23T21:59:45.765', null, N'2023-04-23T21:59:45.765', N'ACTIVE', N'2000000', N'VNPAY', null, null, N'QRCODE', N'VNPAY59199', N'VND', N'Thanh toán đơn hàng', N'24', N'2023-04-23T21:59:45', N'0', N'FAIL', N'VNPAY59199', N'vutt50', 3, N'vi');
INSERT INTO websales.dbo.Transactions (id, created_by, created_date, modified_by, modified_date, state, amount, bank_code, bank_transaction_id, card_no, card_type, client_invoice_id, currency_code, description, partner_status, partner_transaction_date, partner_transaction_id, status, transaction_id, username, partner_id, location) VALUES (50, N'system', N'2023-04-23T22:24:55.338', null, N'2023-04-23T22:24:55.338', N'ACTIVE', N'26100000', null, null, null, null, N'VNPAY71100', N'VND', N'Thanh toán đơn hàng', null, null, null, N'NEW', N'VNPAY71100', N'vutt50', 3, N'vi');
INSERT INTO websales.dbo.Transactions (id, created_by, created_date, modified_by, modified_date, state, amount, bank_code, bank_transaction_id, card_no, card_type, client_invoice_id, currency_code, description, partner_status, partner_transaction_date, partner_transaction_id, status, transaction_id, username, partner_id, location) VALUES (51, N'system', N'2023-04-23T22:25:36.720', null, N'2023-04-23T22:25:36.720', N'ACTIVE', N'26100000', N'NCB', N'VNP13997004', null, N'ATM', N'VNPAY71100', N'VND', N'Thanh toán đơn hàng', N'00', N'2023-04-23T22:25:30', N'13997004', N'SUCCESS', N'VNPAY71100', N'vutt50', 3, N'vi');
INSERT INTO websales.dbo.Transactions (id, created_by, created_date, modified_by, modified_date, state, amount, bank_code, bank_transaction_id, card_no, card_type, client_invoice_id, currency_code, description, partner_status, partner_transaction_date, partner_transaction_id, status, transaction_id, username, partner_id, location) VALUES (52, N'system', N'2023-04-23T23:16:59.170', null, N'2023-04-23T23:16:59.170', N'ACTIVE', N'2430000', null, null, null, null, N'VNPAY71986', N'VND', N'Thanh toán đơn hàng', null, null, null, N'NEW', N'VNPAY71986', N'vutt50', 3, N'vi');
INSERT INTO websales.dbo.Transactions (id, created_by, created_date, modified_by, modified_date, state, amount, bank_code, bank_transaction_id, card_no, card_type, client_invoice_id, currency_code, description, partner_status, partner_transaction_date, partner_transaction_id, status, transaction_id, username, partner_id, location) VALUES (53, N'system', N'2023-04-23T23:17:33.542', null, N'2023-04-23T23:17:33.542', N'ACTIVE', N'2430000', N'NCB', N'VNP13997020', null, N'ATM', N'VNPAY71986', N'VND', N'Thanh toán đơn hàng', N'00', N'2023-04-23T23:17:24', N'13997020', N'SUCCESS', N'VNPAY71986', N'vutt50', 3, N'vi');
INSERT INTO websales.dbo.Transactions (id, created_by, created_date, modified_by, modified_date, state, amount, bank_code, bank_transaction_id, card_no, card_type, client_invoice_id, currency_code, description, partner_status, partner_transaction_date, partner_transaction_id, status, transaction_id, username, partner_id, location) VALUES (54, N'system', N'2023-04-23T23:20:06.438', null, N'2023-04-23T23:20:06.438', N'ACTIVE', N'2430000', N'NCB', N'VNP13997020', null, N'ATM', N'VNPAY71986', N'VND', N'Thanh toán đơn hàng', N'00', N'2023-04-23T23:17:24', N'13997020', N'SUCCESS', N'VNPAY71986', N'vutt50', 3, N'vi');
INSERT INTO websales.dbo.Transactions (id, created_by, created_date, modified_by, modified_date, state, amount, bank_code, bank_transaction_id, card_no, card_type, client_invoice_id, currency_code, description, partner_status, partner_transaction_date, partner_transaction_id, status, transaction_id, username, partner_id, location) VALUES (55, N'system', N'2023-04-23T23:20:30.599', null, N'2023-04-23T23:20:30.599', N'ACTIVE', N'1750000', null, null, null, null, N'VNPAY94864', N'VND', N'Thanh toán đơn hàng', null, null, null, N'NEW', N'VNPAY94864', N'vutt50', 3, N'vi');
INSERT INTO websales.dbo.Transactions (id, created_by, created_date, modified_by, modified_date, state, amount, bank_code, bank_transaction_id, card_no, card_type, client_invoice_id, currency_code, description, partner_status, partner_transaction_date, partner_transaction_id, status, transaction_id, username, partner_id, location) VALUES (56, N'system', N'2023-04-23T23:20:52.864', null, N'2023-04-23T23:20:52.864', N'ACTIVE', N'1750000', N'NCB', N'VNP13997021', null, N'ATM', N'VNPAY94864', N'VND', N'Thanh toán đơn hàng', N'00', N'2023-04-23T23:20:47', N'13997021', N'SUCCESS', N'VNPAY94864', N'vutt50', 3, N'vi');
INSERT INTO websales.dbo.Transactions (id, created_by, created_date, modified_by, modified_date, state, amount, bank_code, bank_transaction_id, card_no, card_type, client_invoice_id, currency_code, description, partner_status, partner_transaction_date, partner_transaction_id, status, transaction_id, username, partner_id, location) VALUES (57, N'system', N'2023-04-23T23:23:02.715', null, N'2023-04-23T23:23:02.715', N'ACTIVE', N'2450000', null, null, null, null, N'VNPAY76240', N'VND', N'Thanh toán đơn hàng', null, null, null, N'NEW', N'VNPAY76240', N'vutt50', 3, N'vi');
INSERT INTO websales.dbo.Transactions (id, created_by, created_date, modified_by, modified_date, state, amount, bank_code, bank_transaction_id, card_no, card_type, client_invoice_id, currency_code, description, partner_status, partner_transaction_date, partner_transaction_id, status, transaction_id, username, partner_id, location) VALUES (58, N'system', N'2023-04-23T23:23:27.833', null, N'2023-04-23T23:23:27.833', N'ACTIVE', N'2450000', N'NCB', N'VNP13997022', null, N'ATM', N'VNPAY76240', N'VND', N'Thanh toán đơn hàng', N'00', N'2023-04-23T23:23:20', N'13997022', N'SUCCESS', N'VNPAY76240', N'vutt50', 3, N'vi');
INSERT INTO websales.dbo.Transactions (id, created_by, created_date, modified_by, modified_date, state, amount, bank_code, bank_transaction_id, card_no, card_type, client_invoice_id, currency_code, description, partner_status, partner_transaction_date, partner_transaction_id, status, transaction_id, username, partner_id, location) VALUES (59, N'system', N'2023-04-23T23:27:17.037', null, N'2023-04-23T23:27:17.037', N'ACTIVE', N'2450000', N'NCB', N'VNP13997022', null, N'ATM', N'VNPAY76240', N'VND', N'Thanh toán đơn hàng', N'00', N'2023-04-23T23:23:20', N'13997022', N'SUCCESS', N'VNPAY76240', N'vutt50', 3, N'vi');
INSERT INTO websales.dbo.Transactions (id, created_by, created_date, modified_by, modified_date, state, amount, bank_code, bank_transaction_id, card_no, card_type, client_invoice_id, currency_code, description, partner_status, partner_transaction_date, partner_transaction_id, status, transaction_id, username, partner_id, location) VALUES (60, N'system', N'2023-04-23T23:28:13.567', null, N'2023-04-23T23:28:13.567', N'ACTIVE', N'2000000', null, null, null, null, N'VNPAY38512', N'VND', N'Thanh toán đơn hàng', null, null, null, N'NEW', N'VNPAY38512', N'vutt50', 3, N'vi');
INSERT INTO websales.dbo.Transactions (id, created_by, created_date, modified_by, modified_date, state, amount, bank_code, bank_transaction_id, card_no, card_type, client_invoice_id, currency_code, description, partner_status, partner_transaction_date, partner_transaction_id, status, transaction_id, username, partner_id, location) VALUES (61, N'system', N'2023-04-23T23:28:35.851', null, N'2023-04-23T23:28:35.851', N'ACTIVE', N'2000000', N'NCB', N'VNP13997026', null, N'ATM', N'VNPAY38512', N'VND', N'Thanh toán đơn hàng', N'00', N'2023-04-23T23:28:30', N'13997026', N'SUCCESS', N'VNPAY38512', N'vutt50', 3, N'vi');